2.09783775e-07 1.08566115e+00
8.59723346e-07 4.23427753e+00
1.50966701e-06 7.28985705e+00
2.15961921e-06 1.02980998e+01
2.80958439e-06 1.32742890e+01
3.45956699e-06 1.62262652e+01
4.10957145e-06 1.91588183e+01
4.75960221e-06 2.20751833e+01
5.40966373e-06 2.49776929e+01
6.05976043e-06 2.78681109e+01
6.70989677e-06 3.07478178e+01
7.36007720e-06 3.36179247e+01
8.01030615e-06 3.64793458e+01
8.66058809e-06 3.93328469e+01
9.31092745e-06 4.21790792e+01
9.96132868e-06 4.50186040e+01
1.06117962e-05 4.78519103e+01
1.12623346e-05 5.06794281e+01
1.19129482e-05 5.35015392e+01
1.25636414e-05 5.63185847e+01
1.32144189e-05 5.91308719e+01
1.38652849e-05 6.19386788e+01
1.45162440e-05 6.47422587e+01
1.51673007e-05 6.75418433e+01
1.58184593e-05 7.03376459e+01
1.64697244e-05 7.31298630e+01
1.71211005e-05 7.59186772e+01
1.77725920e-05 7.87042579e+01
1.84242033e-05 8.14867634e+01
1.90759391e-05 8.42663420e+01
1.97278037e-05 8.70431328e+01
2.03798016e-05 8.98172667e+01
2.10319373e-05 9.25888672e+01
2.16842154e-05 9.53580515e+01
2.23366403e-05 9.81249302e+01
2.29892165e-05 1.00889609e+02
2.36419485e-05 1.03652188e+02
2.42948408e-05 1.06412762e+02
2.49478979e-05 1.09171424e+02
2.56011243e-05 1.11928260e+02
2.62545246e-05 1.14683355e+02
2.69081033e-05 1.17436789e+02
2.75618648e-05 1.20188640e+02
2.82158138e-05 1.22938982e+02
2.88699547e-05 1.25687887e+02
2.95242920e-05 1.28435424e+02
3.01788305e-05 1.31181661e+02
3.08335744e-05 1.33926662e+02
3.14885285e-05 1.36670491e+02
3.21436973e-05 1.39413208e+02
3.27990853e-05 1.42154873e+02
3.34546971e-05 1.44895543e+02
3.41105372e-05 1.47635274e+02
3.47666103e-05 1.50374121e+02
3.54229209e-05 1.53112137e+02
3.60794736e-05 1.55849374e+02
3.67362730e-05 1.58585882e+02
3.73933238e-05 1.61321710e+02
3.80506303e-05 1.64056908e+02
3.87081974e-05 1.66791521e+02
3.93660297e-05 1.69525597e+02
4.00241316e-05 1.72259181e+02
4.06825079e-05 1.74992317e+02
4.13411632e-05 1.77725048e+02
4.20001022e-05 1.80457418e+02
4.26593294e-05 1.83189468e+02
4.33188495e-05 1.85921239e+02
4.39786673e-05 1.88652773e+02
4.46387873e-05 1.91384108e+02
4.52992142e-05 1.94115285e+02
4.59599527e-05 1.96846341e+02
4.66210075e-05 1.99577316e+02
4.72823833e-05 2.02308245e+02
4.79440848e-05 2.05039167e+02
4.86061167e-05 2.07770118e+02
4.92684837e-05 2.10501133e+02
4.99311905e-05 2.13232248e+02
5.05942419e-05 2.15963499e+02
5.12576426e-05 2.18694920e+02
5.19213974e-05 2.21426545e+02
5.25855109e-05 2.24158408e+02
5.32499881e-05 2.26890542e+02
5.39148336e-05 2.29622981e+02
5.45800522e-05 2.32355757e+02
5.52456487e-05 2.35088904e+02
5.59116279e-05 2.37822452e+02
5.65779947e-05 2.40556434e+02
5.72447538e-05 2.43290881e+02
5.79119100e-05 2.46025825e+02
5.85794683e-05 2.48761297e+02
5.92474334e-05 2.51497327e+02
5.99158102e-05 2.54233945e+02
6.05846035e-05 2.56971183e+02
6.12538183e-05 2.59709070e+02
6.19234593e-05 2.62447636e+02
6.25935316e-05 2.65186910e+02
6.32640399e-05 2.67926922e+02
6.39349893e-05 2.70667701e+02
6.46063846e-05 2.73409276e+02
6.52782308e-05 2.76151676e+02
6.59505327e-05 2.78894929e+02
6.66232955e-05 2.81639065e+02
6.72965239e-05 2.84384110e+02
6.79702231e-05 2.87130094e+02
6.86443979e-05 2.89877045e+02
6.93190534e-05 2.92624990e+02
6.99941946e-05 2.95373956e+02
7.06698265e-05 2.98123973e+02
7.13459542e-05 3.00875067e+02
7.20225826e-05 3.03627265e+02
7.26997168e-05 3.06380595e+02
7.33773619e-05 3.09135083e+02
7.40555231e-05 3.11890758e+02
7.47342052e-05 3.14647646e+02
7.54134136e-05 3.17405773e+02
7.60931532e-05 3.20165166e+02
7.67734292e-05 3.22925853e+02
7.74542468e-05 3.25687859e+02
7.81356110e-05 3.28451211e+02
7.88175271e-05 3.31215935e+02
7.95000003e-05 3.33982058e+02
8.01830356e-05 3.36749607e+02
8.08666384e-05 3.39518606e+02
8.15508138e-05 3.42289083e+02
8.22355671e-05 3.45061063e+02
8.29209036e-05 3.47834572e+02
8.36068283e-05 3.50609636e+02
8.42933468e-05 3.53386282e+02
8.49804641e-05 3.56164535e+02
8.56681857e-05 3.58944420e+02
8.63565168e-05 3.61725964e+02
8.70454628e-05 3.64509192e+02
8.77350290e-05 3.67294130e+02
8.84252208e-05 3.70080803e+02
8.91160435e-05 3.72869238e+02
8.98075025e-05 3.75659459e+02
9.04996033e-05 3.78451493e+02
9.11923512e-05 3.81245364e+02
9.18857516e-05 3.84041098e+02
9.25798101e-05 3.86838721e+02
9.32745320e-05 3.89638258e+02
9.39699229e-05 3.92439734e+02
9.46659883e-05 3.95243176e+02
9.53627336e-05 3.98048607e+02
9.60601644e-05 4.00856054e+02
9.67582863e-05 4.03665543e+02
9.74571047e-05 4.06477097e+02
9.81566253e-05 4.09290744e+02
9.88568536e-05 4.12106507e+02
9.95577953e-05 4.14924413e+02
1.00259456e-04 4.17744487e+02
1.00961841e-04 4.20566754e+02
1.01664957e-04 4.23391239e+02
1.02368809e-04 4.26217968e+02
1.03073402e-04 4.29046966e+02
1.03778742e-04 4.31878259e+02
1.04484836e-04 4.34711872e+02
1.05191689e-04 4.37547830e+02
1.05899306e-04 4.40386158e+02
1.06607693e-04 4.43226883e+02
1.07316857e-04 4.46070029e+02
1.08026803e-04 4.48915622e+02
1.08737537e-04 4.51763688e+02
1.09449064e-04 4.54614252e+02
1.10161391e-04 4.57467338e+02
1.10874524e-04 4.60322974e+02
1.11588468e-04 4.63181184e+02
1.12303229e-04 4.66041995e+02
1.13018814e-04 4.68905431e+02
1.13735228e-04 4.71771518e+02
1.14452477e-04 4.74640282e+02
1.15170567e-04 4.77511748e+02
1.15889505e-04 4.80385943e+02
1.16609296e-04 4.83262892e+02
1.17329947e-04 4.86142620e+02
1.18051463e-04 4.89025155e+02
1.18773851e-04 4.91910520e+02
1.19497117e-04 4.94798743e+02
1.20221267e-04 4.97689850e+02
1.20946307e-04 5.00583865e+02
1.21672243e-04 5.03480816e+02
1.22399082e-04 5.06380728e+02
1.23126829e-04 5.09283627e+02
1.23855492e-04 5.12189540e+02
1.24585076e-04 5.15098493e+02
1.25315588e-04 5.18010512e+02
1.26047034e-04 5.20925623e+02
1.26779420e-04 5.23843852e+02
1.27512754e-04 5.26765226e+02
1.28247040e-04 5.29689772e+02
1.28982286e-04 5.32617515e+02
1.29718498e-04 5.35548483e+02
1.30455682e-04 5.38482702e+02
1.31193846e-04 5.41420198e+02
1.31932995e-04 5.44360999e+02
1.32673136e-04 5.47305130e+02
1.33414276e-04 5.50252620e+02
1.34156422e-04 5.53203494e+02
1.34899579e-04 5.56157780e+02
1.35643754e-04 5.59115504e+02
1.36388955e-04 5.62076694e+02
1.37135188e-04 5.65041377e+02
1.37882459e-04 5.68009580e+02
1.38630776e-04 5.70981330e+02
1.39380145e-04 5.73956655e+02
1.40130573e-04 5.76935582e+02
1.40882066e-04 5.79918138e+02
1.41634633e-04 5.82904352e+02
1.42388278e-04 5.85894249e+02
1.43143010e-04 5.88887859e+02
1.43898836e-04 5.91885209e+02
1.44655761e-04 5.94886327e+02
1.45413794e-04 5.97891240e+02
1.46172941e-04 6.00899977e+02
1.46933210e-04 6.03912565e+02
1.47694606e-04 6.06929033e+02
1.48457139e-04 6.09949409e+02
1.49220813e-04 6.12973722e+02
1.49985638e-04 6.16001999e+02
1.50751619e-04 6.19034269e+02
1.51518765e-04 6.22070560e+02
1.52287081e-04 6.25110901e+02
1.53056577e-04 6.28155322e+02
1.53827258e-04 6.31203849e+02
1.54599133e-04 6.34256513e+02
1.55372208e-04 6.37313343e+02
1.56146491e-04 6.40374367e+02
1.56921989e-04 6.43439614e+02
1.57698710e-04 6.46509114e+02
1.58476662e-04 6.49582896e+02
1.59255851e-04 6.52660989e+02
1.60036285e-04 6.55743423e+02
1.60817973e-04 6.58830227e+02
1.61600921e-04 6.61921431e+02
1.62385137e-04 6.65017066e+02
1.63170628e-04 6.68117159e+02
1.63957404e-04 6.71221743e+02
1.64745470e-04 6.74330845e+02
1.65534835e-04 6.77444498e+02
1.66325507e-04 6.80562731e+02
1.67117494e-04 6.83685574e+02
1.67910803e-04 6.86813057e+02
1.68705442e-04 6.89945212e+02
1.69501419e-04 6.93082070e+02
1.70298743e-04 6.96223659e+02
1.71097421e-04 6.99370013e+02
1.71897460e-04 7.02521160e+02
1.72698871e-04 7.05677134e+02
1.73501659e-04 7.08837964e+02
1.74305834e-04 7.12003682e+02
1.75111403e-04 7.15174320e+02
1.75918375e-04 7.18349909e+02
1.76726759e-04 7.21530480e+02
1.77536561e-04 7.24716066e+02
1.78347791e-04 7.27906697e+02
1.79160457e-04 7.31102407e+02
1.79974568e-04 7.34303227e+02
1.80790131e-04 7.37509189e+02
1.81607155e-04 7.40720326e+02
1.82425649e-04 7.43936670e+02
1.83245621e-04 7.47158253e+02
1.84067079e-04 7.50385109e+02
1.84890033e-04 7.53617269e+02
1.85714491e-04 7.56854768e+02
1.86540462e-04 7.60097637e+02
1.87367954e-04 7.63345911e+02
1.88196976e-04 7.66599622e+02
1.89027537e-04 7.69858803e+02
1.89859645e-04 7.73123489e+02
1.90693310e-04 7.76393712e+02
1.91528541e-04 7.79669507e+02
1.92365346e-04 7.82950908e+02
1.93203734e-04 7.86237948e+02
1.94043715e-04 7.89530662e+02
1.94885297e-04 7.92829083e+02
1.95728490e-04 7.96133247e+02
1.96573303e-04 7.99443188e+02
1.97419745e-04 8.02758941e+02
1.98267824e-04 8.06080540e+02
1.99117552e-04 8.09408020e+02
1.99968935e-04 8.12741417e+02
2.00821986e-04 8.16080766e+02
2.01676711e-04 8.19426102e+02
2.02533122e-04 8.22777460e+02
2.03391227e-04 8.26134876e+02
2.04251035e-04 8.29498386e+02
2.05112558e-04 8.32868027e+02
2.05975803e-04 8.36243833e+02
2.06840782e-04 8.39625842e+02
2.07707503e-04 8.43014089e+02
2.08575976e-04 8.46408611e+02
2.09446211e-04 8.49809445e+02
2.10318218e-04 8.53216627e+02
2.11192007e-04 8.56630195e+02
2.12067588e-04 8.60050186e+02
2.12944970e-04 8.63476636e+02
2.13824164e-04 8.66909583e+02
2.14705180e-04 8.70349066e+02
2.15588028e-04 8.73795121e+02
2.16472717e-04 8.77247786e+02
2.17359259e-04 8.80707099e+02
2.18247664e-04 8.84173099e+02
2.19137941e-04 8.87645824e+02
2.20030101e-04 8.91125313e+02
2.20924155e-04 8.94611603e+02
2.21820113e-04 8.98104734e+02
2.22717986e-04 9.01604745e+02
2.23617783e-04 9.05111675e+02
2.24519517e-04 9.08625563e+02
2.25423196e-04 9.12146448e+02
2.26328833e-04 9.15674371e+02
2.27236437e-04 9.19209371e+02
2.28146020e-04 9.22751488e+02
2.29057592e-04 9.26300763e+02
2.29971164e-04 9.29857234e+02
2.30886748e-04 9.33420944e+02
2.31804354e-04 9.36991932e+02
2.32723993e-04 9.40570239e+02
2.33645677e-04 9.44155907e+02
2.34569416e-04 9.47748976e+02
2.35495222e-04 9.51349488e+02
2.36423106e-04 9.54957484e+02
2.37353079e-04 9.58573006e+02
2.38285153e-04 9.62196095e+02
2.39219339e-04 9.65826795e+02
2.40155648e-04 9.69465146e+02
2.41094093e-04 9.73111192e+02
2.42034685e-04 9.76764975e+02
2.42977435e-04 9.80426538e+02
2.43922354e-04 9.84095923e+02
2.44869456e-04 9.87773174e+02
2.45818752e-04 9.91458334e+02
2.46770252e-04 9.95151446e+02
2.47723971e-04 9.98852555e+02
2.48679918e-04 1.00256170e+03
2.49638108e-04 1.00627894e+03
2.50598550e-04 1.01000430e+03
2.51561258e-04 1.01373783e+03
2.52526245e-04 1.01747958e+03
2.53493521e-04 1.02122960e+03
2.54463100e-04 1.02498792e+03
2.55434993e-04 1.02875459e+03
2.56409214e-04 1.03252966e+03
2.57385775e-04 1.03631317e+03
2.58364688e-04 1.04010518e+03
2.59345966e-04 1.04390572e+03
2.60329622e-04 1.04771484e+03
2.61315668e-04 1.05153258e+03
2.62304118e-04 1.05535901e+03
2.63294983e-04 1.05919415e+03
2.64288278e-04 1.06303806e+03
2.65284014e-04 1.06689078e+03
2.66282206e-04 1.07075237e+03
2.67282866e-04 1.07462287e+03
2.68286007e-04 1.07850233e+03
2.69291643e-04 1.08239079e+03
2.70299786e-04 1.08628831e+03
2.71310451e-04 1.09019493e+03
2.72323650e-04 1.09411070e+03
2.73339398e-04 1.09803567e+03
2.74357708e-04 1.10196989e+03
2.75378592e-04 1.10591341e+03
2.76402066e-04 1.10986628e+03
2.77428143e-04 1.11382854e+03
2.78456836e-04 1.11780025e+03
2.79488160e-04 1.12178146e+03
2.80522128e-04 1.12577222e+03
2.81558755e-04 1.12977258e+03
2.82598054e-04 1.13378258e+03
2.83640040e-04 1.13780229e+03
2.84684727e-04 1.14183175e+03
2.85732130e-04 1.14587101e+03
2.86782261e-04 1.14992012e+03
2.87835137e-04 1.15397914e+03
2.88890772e-04 1.15804813e+03
2.89949179e-04 1.16212712e+03
2.91010374e-04 1.16621617e+03
2.92074372e-04 1.17031534e+03
2.93141186e-04 1.17442469e+03
2.94210833e-04 1.17854425e+03
2.95283327e-04 1.18267409e+03
2.96358682e-04 1.18681426e+03
2.97436915e-04 1.19096481e+03
2.98518039e-04 1.19512580e+03
2.99602071e-04 1.19929729e+03
3.00689025e-04 1.20347932e+03
3.01778918e-04 1.20767195e+03
3.02871763e-04 1.21187524e+03
3.03967577e-04 1.21608924e+03
3.05066376e-04 1.22031401e+03
3.06168175e-04 1.22454960e+03
3.07272989e-04 1.22879607e+03
3.08380835e-04 1.23305348e+03
3.09491728e-04 1.23732188e+03
3.10605684e-04 1.24160133e+03
3.11722720e-04 1.24589188e+03
3.12842851e-04 1.25019360e+03
3.13966093e-04 1.25450654e+03
3.15092463e-04 1.25883075e+03
3.16221977e-04 1.26316631e+03
3.17354651e-04 1.26751325e+03
3.18490502e-04 1.27187165e+03
3.19629547e-04 1.27624157e+03
3.20771801e-04 1.28062305e+03
3.21917282e-04 1.28501616e+03
3.23066006e-04 1.28942096e+03
3.24217991e-04 1.29383751e+03
3.25373253e-04 1.29826587e+03
3.26531809e-04 1.30270610e+03
3.27693676e-04 1.30715825e+03
3.28858871e-04 1.31162240e+03
3.30027413e-04 1.31609859e+03
3.31199316e-04 1.32058690e+03
3.32374601e-04 1.32508738e+03
3.33553283e-04 1.32960010e+03
3.34735380e-04 1.33412511e+03
3.35920910e-04 1.33866248e+03
3.37109891e-04 1.34321228e+03
3.38302340e-04 1.34777455e+03
3.39498276e-04 1.35234938e+03
3.40697715e-04 1.35693681e+03
3.41900677e-04 1.36153692e+03
3.43107179e-04 1.36614976e+03
3.44317240e-04 1.37077540e+03
3.45530878e-04 1.37541391e+03
3.46748110e-04 1.38006535e+03
3.47968957e-04 1.38472978e+03
3.49193435e-04 1.38940727e+03
3.50421564e-04 1.39409789e+03
3.51653363e-04 1.39880169e+03
3.52888849e-04 1.40351875e+03
3.54128043e-04 1.40824913e+03
3.55370962e-04 1.41299290e+03
3.56617626e-04 1.41775012e+03
3.57868055e-04 1.42252086e+03
3.59122266e-04 1.42730519e+03
3.60380280e-04 1.43210317e+03
3.61642116e-04 1.43691488e+03
3.62907792e-04 1.44174037e+03
3.64177330e-04 1.44657972e+03
3.65450748e-04 1.45143300e+03
3.66728066e-04 1.45630027e+03
3.68009303e-04 1.46118160e+03
3.69294480e-04 1.46607707e+03
3.70583617e-04 1.47098674e+03
3.71876733e-04 1.47591068e+03
3.73173848e-04 1.48084895e+03
3.74474984e-04 1.48580164e+03
3.75780159e-04 1.49076881e+03
3.77089395e-04 1.49575053e+03
3.78402712e-04 1.50074687e+03
3.79720130e-04 1.50575791e+03
3.81041670e-04 1.51078370e+03
3.82367353e-04 1.51582434e+03
3.83697199e-04 1.52087988e+03
3.85031229e-04 1.52595040e+03
3.86369465e-04 1.53103597e+03
3.87711926e-04 1.53613666e+03
3.89058636e-04 1.54125256e+03
3.90409613e-04 1.54638372e+03
3.91764881e-04 1.55153022e+03
3.93124459e-04 1.55669214e+03
3.94488371e-04 1.56186955e+03
3.95856636e-04 1.56706252e+03
3.97229277e-04 1.57227114e+03
3.98606316e-04 1.57749546e+03
3.99987774e-04 1.58273557e+03
4.01373673e-04 1.58799155e+03
4.02764036e-04 1.59326346e+03
4.04158883e-04 1.59855138e+03
4.05558238e-04 1.60385539e+03
4.06962122e-04 1.60917557e+03
4.08370558e-04 1.61451199e+03
4.09783568e-04 1.61986472e+03
4.11201175e-04 1.62523385e+03
4.12623401e-04 1.63061944e+03
4.14050269e-04 1.63602159e+03
4.15481801e-04 1.64144036e+03
4.16918020e-04 1.64687583e+03
4.18358950e-04 1.65232808e+03
4.19804613e-04 1.65779719e+03
4.21255032e-04 1.66328323e+03
4.22710230e-04 1.66878629e+03
4.24170231e-04 1.67430644e+03
4.25635057e-04 1.67984376e+03
4.27104733e-04 1.68539833e+03
4.28579281e-04 1.69097024e+03
4.30058726e-04 1.69655955e+03
4.31543090e-04 1.70216635e+03
4.33032397e-04 1.70779072e+03
4.34526672e-04 1.71343274e+03
4.36025938e-04 1.71909249e+03
4.37530219e-04 1.72477005e+03
4.39039538e-04 1.73046550e+03
4.40553921e-04 1.73617892e+03
4.42073391e-04 1.74191039e+03
4.43597973e-04 1.74766000e+03
4.45127690e-04 1.75342782e+03
4.46662568e-04 1.75921394e+03
4.48202630e-04 1.76501844e+03
4.49747901e-04 1.77084141e+03
4.51298407e-04 1.77668291e+03
4.52854170e-04 1.78254304e+03
4.54415217e-04 1.78842188e+03
4.55981573e-04 1.79431951e+03
4.57553261e-04 1.80023601e+03
4.59130307e-04 1.80617147e+03
4.60712737e-04 1.81212598e+03
4.62300575e-04 1.81809960e+03
4.63893846e-04 1.82409244e+03
4.65492576e-04 1.83010456e+03
4.67096790e-04 1.83613606e+03
4.68706514e-04 1.84218702e+03
4.70321773e-04 1.84825753e+03
4.71942592e-04 1.85434766e+03
4.73568998e-04 1.86045751e+03
4.75201016e-04 1.86658715e+03
4.76838671e-04 1.87273667e+03
4.78481990e-04 1.87890616e+03
4.80130998e-04 1.88509571e+03
4.81785721e-04 1.89130539e+03
4.83446186e-04 1.89753529e+03
4.85112418e-04 1.90378550e+03
4.86784444e-04 1.91005611e+03
4.88462290e-04 1.91634719e+03
4.90145981e-04 1.92265884e+03
4.91835545e-04 1.92899114e+03
4.93531008e-04 1.93534417e+03
4.95232396e-04 1.94171803e+03
4.96939736e-04 1.94811280e+03
4.98653054e-04 1.95452856e+03
5.00372376e-04 1.96096540e+03
5.02097730e-04 1.96742341e+03
5.03829143e-04 1.97390268e+03
5.05566640e-04 1.98040328e+03
5.07310249e-04 1.98692532e+03
5.09059997e-04 1.99346886e+03
5.10815910e-04 2.00003401e+03
5.12578016e-04 2.00662084e+03
5.14346341e-04 2.01322945e+03
5.16120912e-04 2.01985992e+03
5.17901758e-04 2.02651234e+03
5.19688904e-04 2.03318679e+03
5.21482378e-04 2.03988336e+03
5.23282207e-04 2.04660214e+03
5.25088418e-04 2.05334321e+03
5.26901040e-04 2.06010666e+03
5.28720098e-04 2.06689259e+03
5.30545620e-04 2.07370107e+03
5.32377635e-04 2.08053219e+03
5.34216169e-04 2.08738604e+03
5.36061249e-04 2.09426271e+03
5.37912903e-04 2.10116228e+03
5.39771160e-04 2.10808484e+03
5.41636045e-04 2.11503048e+03
5.43507588e-04 2.12199928e+03
5.45385814e-04 2.12899133e+03
5.47270753e-04 2.13600672e+03
5.49162432e-04 2.14304553e+03
5.51060878e-04 2.15010784e+03
5.52966119e-04 2.15719376e+03
5.54878182e-04 2.16430336e+03
5.56797097e-04 2.17143672e+03
5.58722889e-04 2.17859394e+03
5.60655587e-04 2.18577510e+03
5.62595219e-04 2.19298028e+03
5.64541813e-04 2.20020958e+03
5.66495396e-04 2.20746307e+03
5.68455995e-04 2.21474085e+03
5.70423640e-04 2.22204299e+03
5.72398357e-04 2.22936959e+03
5.74380175e-04 2.23672073e+03
5.76369120e-04 2.24409649e+03
5.78365222e-04 2.25149695e+03
5.80368507e-04 2.25892221e+03
5.82379004e-04 2.26637235e+03
5.84396740e-04 2.27384745e+03
5.86421743e-04 2.28134759e+03
5.88454040e-04 2.28887286e+03
5.90493660e-04 2.29642334e+03
5.92540630e-04 2.30399912e+03
5.94594978e-04 2.31160028e+03
5.96656731e-04 2.31922690e+03
5.98725918e-04 2.32687906e+03
6.00802565e-04 2.33455685e+03
6.02886700e-04 2.34226035e+03
6.04978352e-04 2.34998963e+03
6.07077547e-04 2.35774479e+03
6.09184312e-04 2.36552590e+03
6.11298676e-04 2.37333305e+03
6.13420666e-04 2.38116630e+03
6.15550310e-04 2.38902576e+03
6.17687633e-04 2.39691148e+03
6.19832665e-04 2.40482357e+03
6.21985432e-04 2.41276208e+03
6.24145961e-04 2.42072711e+03
6.26314279e-04 2.42871873e+03
6.28490415e-04 2.43673701e+03
6.30674394e-04 2.44478205e+03
6.32866243e-04 2.45285391e+03
6.35065991e-04 2.46095267e+03
6.37273662e-04 2.46907841e+03
6.39489286e-04 2.47723120e+03
6.41712887e-04 2.48541112e+03
6.43944493e-04 2.49361825e+03
6.46184130e-04 2.50185266e+03
6.48431826e-04 2.51011442e+03
6.50687606e-04 2.51840362e+03
6.52951496e-04 2.52672031e+03
6.55223524e-04 2.53506458e+03
6.57503715e-04 2.54343650e+03
6.59792096e-04 2.55183615e+03
6.62088692e-04 2.56026358e+03
6.64393530e-04 2.56871887e+03
6.66706635e-04 2.57720210e+03
6.69028033e-04 2.58571334e+03
6.71357750e-04 2.59425265e+03
6.73695812e-04 2.60282010e+03
6.76042243e-04 2.61141576e+03
6.78397070e-04 2.62003970e+03
6.80760317e-04 2.62869198e+03
6.83132010e-04 2.63737268e+03
6.85512174e-04 2.64608185e+03
6.87900833e-04 2.65481957e+03
6.90298013e-04 2.66358590e+03
6.92703738e-04 2.67238090e+03
6.95118033e-04 2.68120464e+03
6.97540922e-04 2.69005718e+03
6.99972429e-04 2.69893857e+03
7.02412580e-04 2.70784890e+03
7.04861397e-04 2.71678820e+03
7.07318904e-04 2.72575655e+03
7.09785126e-04 2.73475401e+03
7.12260086e-04 2.74378062e+03
7.14743808e-04 2.75283646e+03
7.17236315e-04 2.76192157e+03
7.19737630e-04 2.77103602e+03
7.22247775e-04 2.78017986e+03
7.24766775e-04 2.78935315e+03
7.27294652e-04 2.79855594e+03
7.29831428e-04 2.80778828e+03
7.32377126e-04 2.81705022e+03
7.34931768e-04 2.82634183e+03
7.37495376e-04 2.83566314e+03
7.40067972e-04 2.84501422e+03
7.42649578e-04 2.85439510e+03
7.45240215e-04 2.86380585e+03
7.47839905e-04 2.87324650e+03
7.50448669e-04 2.88271710e+03
7.53066528e-04 2.89221771e+03
7.55693502e-04 2.90174835e+03
7.58329613e-04 2.91130909e+03
7.60974881e-04 2.92089997e+03
7.63629326e-04 2.93052102e+03
7.66292969e-04 2.94017228e+03
7.68965828e-04 2.94985381e+03
7.71647925e-04 2.95956563e+03
7.74339278e-04 2.96930780e+03
7.77039906e-04 2.97908034e+03
7.79749829e-04 2.98888329e+03
7.82469066e-04 2.99871669e+03
7.85197634e-04 3.00858058e+03
7.87935553e-04 3.01847499e+03
7.90682841e-04 3.02839995e+03
7.93439516e-04 3.03835549e+03
7.96205596e-04 3.04834166e+03
7.98981097e-04 3.05835847e+03
8.01766038e-04 3.06840595e+03
8.04560435e-04 3.07848414e+03
8.07364306e-04 3.08859307e+03
8.10177667e-04 3.09873275e+03
8.13000534e-04 3.10890322e+03
8.15832923e-04 3.11910449e+03
8.18674851e-04 3.12933660e+03
8.21526334e-04 3.13959956e+03
8.24387385e-04 3.14989340e+03
8.27258022e-04 3.16021813e+03
8.30138258e-04 3.17057377e+03
8.33028109e-04 3.18096035e+03
8.35927588e-04 3.19137788e+03
8.38836711e-04 3.20182637e+03
8.41755490e-04 3.21230584e+03
8.44683940e-04 3.22281630e+03
8.47622073e-04 3.23335777e+03
8.50569904e-04 3.24393026e+03
8.53527445e-04 3.25453377e+03
8.56494709e-04 3.26516832e+03
8.59471707e-04 3.27583391e+03
8.62458453e-04 3.28653055e+03
8.65454957e-04 3.29725825e+03
8.68461232e-04 3.30801701e+03
8.71477288e-04 3.31880684e+03
8.74503137e-04 3.32962773e+03
8.77538789e-04 3.34047969e+03
8.80584256e-04 3.35136272e+03
8.83639546e-04 3.36227681e+03
8.86704669e-04 3.37322197e+03
8.89779637e-04 3.38419819e+03
8.92864457e-04 3.39520547e+03
8.95959138e-04 3.40624379e+03
8.99063690e-04 3.41731316e+03
9.02178121e-04 3.42841356e+03
9.05302439e-04 3.43954499e+03
9.08436652e-04 3.45070743e+03
9.11580767e-04 3.46190087e+03
9.14734792e-04 3.47312531e+03
9.17898734e-04 3.48438072e+03
9.21072599e-04 3.49566709e+03
9.24256394e-04 3.50698440e+03
9.27450125e-04 3.51833264e+03
9.30653798e-04 3.52971178e+03
9.33867418e-04 3.54112182e+03
9.37090990e-04 3.55256271e+03
9.40324520e-04 3.56403445e+03
9.43568011e-04 3.57553701e+03
9.46821469e-04 3.58707036e+03
9.50084897e-04 3.59863447e+03
9.53358299e-04 3.61022933e+03
9.56641678e-04 3.62185490e+03
9.59935038e-04 3.63351115e+03
9.63238381e-04 3.64519805e+03
9.66551710e-04 3.65691556e+03
9.69875026e-04 3.66866367e+03
9.73208333e-04 3.68044232e+03
9.76551630e-04 3.69225148e+03
9.79904921e-04 3.70409112e+03
9.83268204e-04 3.71596120e+03
9.86641482e-04 3.72786168e+03
9.90024755e-04 3.73979252e+03
9.93418022e-04 3.75175368e+03
9.96821283e-04 3.76374510e+03
1.00023454e-03 3.77576676e+03
1.00365779e-03 3.78781860e+03
1.00709103e-03 3.79990058e+03
1.01053426e-03 3.81201265e+03
1.01398748e-03 3.82415476e+03
1.01745068e-03 3.83632686e+03
1.02092387e-03 3.84852889e+03
1.02440704e-03 3.86076082e+03
1.02790019e-03 3.87302258e+03
1.03140331e-03 3.88531412e+03
1.03491641e-03 3.89763538e+03
1.03843947e-03 3.90998630e+03
1.04197249e-03 3.92236683e+03
1.04551548e-03 3.93477692e+03
1.04906842e-03 3.94721648e+03
1.05263130e-03 3.95968548e+03
1.05620413e-03 3.97218384e+03
1.05978690e-03 3.98471149e+03
1.06337960e-03 3.99726839e+03
1.06698223e-03 4.00985445e+03
1.07059477e-03 4.02246961e+03
1.07421723e-03 4.03511380e+03
1.07784959e-03 4.04778696e+03
1.08149185e-03 4.06048901e+03
1.08514399e-03 4.07321989e+03
1.08880602e-03 4.08597951e+03
1.09247792e-03 4.09876781e+03
1.09615969e-03 4.11158471e+03
1.09985131e-03 4.12443014e+03
1.10355278e-03 4.13730401e+03
1.10726409e-03 4.15020625e+03
1.11098522e-03 4.16313679e+03
1.11471617e-03 4.17609554e+03
1.11845693e-03 4.18908242e+03
1.12220749e-03 4.20209735e+03
1.12596783e-03 4.21514025e+03
1.12973794e-03 4.22821103e+03
1.13351782e-03 4.24130960e+03
1.13730745e-03 4.25443589e+03
1.14110681e-03 4.26758981e+03
1.14491591e-03 4.28077126e+03
1.14873472e-03 4.29398016e+03
1.15256323e-03 4.30721642e+03
1.15640143e-03 4.32047995e+03
1.16024931e-03 4.33377066e+03
1.16410685e-03 4.34708845e+03
1.16797403e-03 4.36043324e+03
1.17185085e-03 4.37380492e+03
1.17573730e-03 4.38720341e+03
1.17963334e-03 4.40062860e+03
1.18353898e-03 4.41408041e+03
1.18745420e-03 4.42755872e+03
1.19137897e-03 4.44106345e+03
1.19531329e-03 4.45459450e+03
1.19925714e-03 4.46815176e+03
1.20321051e-03 4.48173514e+03
1.20717337e-03 4.49534452e+03
1.21114571e-03 4.50897982e+03
1.21512752e-03 4.52264093e+03
1.21911877e-03 4.53632773e+03
1.22311945e-03 4.55004014e+03
1.22712955e-03 4.56377804e+03
1.23114904e-03 4.57754132e+03
1.23517791e-03 4.59132988e+03
1.23921614e-03 4.60514362e+03
1.24326371e-03 4.61898241e+03
1.24732060e-03 4.63284616e+03
1.25138680e-03 4.64673476e+03
1.25546228e-03 4.66064808e+03
1.25954703e-03 4.67458603e+03
1.26364103e-03 4.68854849e+03
1.26774425e-03 4.70253535e+03
1.27185669e-03 4.71654649e+03
1.27597831e-03 4.73058181e+03
1.28010910e-03 4.74464118e+03
1.28424904e-03 4.75872449e+03
1.28839810e-03 4.77283163e+03
1.29255628e-03 4.78696247e+03
1.29672353e-03 4.80111692e+03
1.30089986e-03 4.81529483e+03
1.30508523e-03 4.82949611e+03
1.30927962e-03 4.84372062e+03
1.31348302e-03 4.85796826e+03
1.31769539e-03 4.87223890e+03
1.32191672e-03 4.88653242e+03
1.32614699e-03 4.90084870e+03
1.33038617e-03 4.91518763e+03
1.33463425e-03 4.92954907e+03
1.33889119e-03 4.94393291e+03
1.34315699e-03 4.95833902e+03
1.34743160e-03 4.97276729e+03
1.35171502e-03 4.98721759e+03
1.35600721e-03 5.00168979e+03
1.36030816e-03 5.01618378e+03
1.36461785e-03 5.03069942e+03
1.36893624e-03 5.04523660e+03
1.37326332e-03 5.05979519e+03
1.37759905e-03 5.07437506e+03
1.38194343e-03 5.08897609e+03
1.38629642e-03 5.10359815e+03
1.39065799e-03 5.11824111e+03
1.39502814e-03 5.13290485e+03
1.39940682e-03 5.14758924e+03
1.40379402e-03 5.16229416e+03
1.40818971e-03 5.17701947e+03
1.41259387e-03 5.19176506e+03
1.41700647e-03 5.20653078e+03
1.42142749e-03 5.22131651e+03
1.42585690e-03 5.23612213e+03
1.43029468e-03 5.25094750e+03
1.43474081e-03 5.26579250e+03
1.43919524e-03 5.28065699e+03
1.44365798e-03 5.29554085e+03
1.44812897e-03 5.31044395e+03
1.45260821e-03 5.32536616e+03
1.45709566e-03 5.34030734e+03
1.46159130e-03 5.35526737e+03
1.46609511e-03 5.37024611e+03
1.47060705e-03 5.38524345e+03
1.47512711e-03 5.40025923e+03
1.47965525e-03 5.41529335e+03
1.48419145e-03 5.43034565e+03
1.48873568e-03 5.44541602e+03
1.49328793e-03 5.46050433e+03
1.49784815e-03 5.47561043e+03
1.50241633e-03 5.49073420e+03
1.50699243e-03 5.50587552e+03
1.51157644e-03 5.52103424e+03
1.51616832e-03 5.53621023e+03
1.52076805e-03 5.55140337e+03
1.52537560e-03 5.56661353e+03
1.52999095e-03 5.58184057e+03
1.53461407e-03 5.59708435e+03
1.53924493e-03 5.61234476e+03
1.54388350e-03 5.62762165e+03
1.54852976e-03 5.64291491e+03
1.55318369e-03 5.65822438e+03
1.55784524e-03 5.67354995e+03
1.56251441e-03 5.68889149e+03
1.56719115e-03 5.70424885e+03
1.57187545e-03 5.71962191e+03
1.57656728e-03 5.73501055e+03
1.58126660e-03 5.75041462e+03
1.58597340e-03 5.76583400e+03
1.59068764e-03 5.78126856e+03
1.59540930e-03 5.79671816e+03
1.60013835e-03 5.81218268e+03
1.60487477e-03 5.82766198e+03
1.60961852e-03 5.84315593e+03
1.61436958e-03 5.85866441e+03
1.61912792e-03 5.87418729e+03
1.62389352e-03 5.88972442e+03
1.62866635e-03 5.90527570e+03
1.63344637e-03 5.92084097e+03
1.63823357e-03 5.93642012e+03
1.64302792e-03 5.95201302e+03
1.64782939e-03 5.96761954e+03
1.65263794e-03 5.98323954e+03
1.65745356e-03 5.99887290e+03
1.66227622e-03 6.01451949e+03
1.66710589e-03 6.03017918e+03
1.67194254e-03 6.04585185e+03
1.67678615e-03 6.06153737e+03
1.68163669e-03 6.07723560e+03
1.68649413e-03 6.09294642e+03
1.69135844e-03 6.10866971e+03
1.69622960e-03 6.12440533e+03
1.70110758e-03 6.14015317e+03
1.70599235e-03 6.15591309e+03
1.71088389e-03 6.17168496e+03
1.71578217e-03 6.18746867e+03
1.72068716e-03 6.20326408e+03
1.72559884e-03 6.21907108e+03
1.73051717e-03 6.23488953e+03
1.73544214e-03 6.25071931e+03
1.74037371e-03 6.26656030e+03
1.74531186e-03 6.28241237e+03
1.75025656e-03 6.29827539e+03
1.75520779e-03 6.31414926e+03
1.76016551e-03 6.33003383e+03
1.76512970e-03 6.34592899e+03
1.77010034e-03 6.36183462e+03
1.77507739e-03 6.37775059e+03
1.78006084e-03 6.39367679e+03
1.78505065e-03 6.40961308e+03
1.79004680e-03 6.42555935e+03
1.79504926e-03 6.44151548e+03
1.80005800e-03 6.45748135e+03
1.80507300e-03 6.47345683e+03
1.81009424e-03 6.48944182e+03
1.81512168e-03 6.50543618e+03
1.82015531e-03 6.52143979e+03
1.82519508e-03 6.53745255e+03
1.83024099e-03 6.55347433e+03
1.83529300e-03 6.56950501e+03
1.84035108e-03 6.58554447e+03
1.84541521e-03 6.60159261e+03
1.85048537e-03 6.61764929e+03
1.85556152e-03 6.63371441e+03
1.86064365e-03 6.64978785e+03
1.86573173e-03 6.66586949e+03
1.87082572e-03 6.68195922e+03
1.87592562e-03 6.69805692e+03
1.88103138e-03 6.71416248e+03
1.88614299e-03 6.73027579e+03
1.89126041e-03 6.74639672e+03
1.89638363e-03 6.76252517e+03
1.90151262e-03 6.77866102e+03
1.90664736e-03 6.79480417e+03
1.91178781e-03 6.81095449e+03
1.91693396e-03 6.82711188e+03
1.92208577e-03 6.84327623e+03
1.92724323e-03 6.85944742e+03
1.93240630e-03 6.87562535e+03
1.93757497e-03 6.89180990e+03
1.94274921e-03 6.90800097e+03
1.94792900e-03 6.92419845e+03
1.95311430e-03 6.94040222e+03
1.95830510e-03 6.95661218e+03
1.96350138e-03 6.97282822e+03
1.96870310e-03 6.98905024e+03
1.97391024e-03 7.00527813e+03
1.97912278e-03 7.02151177e+03
1.98434069e-03 7.03775107e+03
1.98956396e-03 7.05399592e+03
1.99479255e-03 7.07024622e+03
2.00002644e-03 7.08650185e+03
2.00526561e-03 7.10276272e+03
2.01051004e-03 7.11902872e+03
2.01575970e-03 7.13529974e+03
2.02101456e-03 7.15157569e+03
2.02627461e-03 7.16785646e+03
2.03153982e-03 7.18414196e+03
2.03681017e-03 7.20043207e+03
2.04208563e-03 7.21672670e+03
2.04736619e-03 7.23302574e+03
2.05265181e-03 7.24932910e+03
2.05794248e-03 7.26563668e+03
2.06323816e-03 7.28194838e+03
2.06853885e-03 7.29826409e+03
2.07384452e-03 7.31458373e+03
2.07915513e-03 7.33090718e+03
2.08447068e-03 7.34723436e+03
2.08979114e-03 7.36356517e+03
2.09511648e-03 7.37989951e+03
2.10044669e-03 7.39623728e+03
2.10578174e-03 7.41257839e+03
2.11112160e-03 7.42892275e+03
2.11646627e-03 7.44527025e+03
2.12181571e-03 7.46162081e+03
2.12716990e-03 7.47797433e+03
2.13252883e-03 7.49433072e+03
2.13789246e-03 7.51068988e+03
2.14326078e-03 7.52705172e+03
2.14863377e-03 7.54341616e+03
2.15401140e-03 7.55978309e+03
2.15939366e-03 7.57615242e+03
2.16478052e-03 7.59252408e+03
2.17017196e-03 7.60889796e+03
2.17556796e-03 7.62527398e+03
2.18096849e-03 7.64165204e+03
2.18637355e-03 7.65803206e+03
2.19178310e-03 7.67441395e+03
2.19719713e-03 7.69079763e+03
2.20261561e-03 7.70718299e+03
2.20803853e-03 7.72356997e+03
2.21346586e-03 7.73995846e+03
2.21889758e-03 7.75634839e+03
2.22433368e-03 7.77273967e+03
2.22977412e-03 7.78913221e+03
2.23521891e-03 7.80552593e+03
2.24066800e-03 7.82192075e+03
2.24612138e-03 7.83831657e+03
2.25157904e-03 7.85471332e+03
2.25704095e-03 7.87111092e+03
2.26250709e-03 7.88750928e+03
2.26797745e-03 7.90390831e+03
2.27345200e-03 7.92030795e+03
2.27893072e-03 7.93670810e+03
2.28441359e-03 7.95310868e+03
2.28990060e-03 7.96950962e+03
2.29539173e-03 7.98591084e+03
2.30088695e-03 8.00231225e+03
2.30638625e-03 8.01871378e+03
2.31188960e-03 8.03511534e+03
2.31739700e-03 8.05151687e+03
2.32290842e-03 8.06791827e+03
2.32842383e-03 8.08431949e+03
2.33394323e-03 8.10072043e+03
2.33946660e-03 8.11712102e+03
2.34499391e-03 8.13352119e+03
2.35052515e-03 8.14992085e+03
2.35606029e-03 8.16631995e+03
2.36159933e-03 8.18271839e+03
2.36714224e-03 8.19911610e+03
2.37268900e-03 8.21551302e+03
2.37823960e-03 8.23190907e+03
2.38379401e-03 8.24830417e+03
2.38935223e-03 8.26469826e+03
2.39491423e-03 8.28109125e+03
2.40048000e-03 8.29748295e+03
2.40604951e-03 8.31387341e+03
2.41162275e-03 8.33026256e+03
2.41719971e-03 8.34665034e+03
2.42278036e-03 8.36303667e+03
2.42836468e-03 8.37942149e+03
2.43395267e-03 8.39580473e+03
2.43954430e-03 8.41218631e+03
2.44513956e-03 8.42856618e+03
2.45073843e-03 8.44494425e+03
2.45634089e-03 8.46132047e+03
2.46194692e-03 8.47769477e+03
2.46755651e-03 8.49406707e+03
2.47316965e-03 8.51043732e+03
2.47878631e-03 8.52680545e+03
2.48440648e-03 8.54317138e+03
2.49003015e-03 8.55953506e+03
2.49565729e-03 8.57589643e+03
2.50128789e-03 8.59225541e+03
2.50692194e-03 8.60861194e+03
2.51255941e-03 8.62496597e+03
2.51820030e-03 8.64131741e+03
2.52384458e-03 8.65766622e+03
2.52949224e-03 8.67401234e+03
2.53514327e-03 8.69035569e+03
2.54079765e-03 8.70669621e+03
2.54645536e-03 8.72303385e+03
2.55211638e-03 8.73936855e+03
2.55778071e-03 8.75570024e+03
2.56344833e-03 8.77202886e+03
2.56911922e-03 8.78835436e+03
2.57479337e-03 8.80467667e+03
2.58047075e-03 8.82099574e+03
2.58615136e-03 8.83731150e+03
2.59183519e-03 8.85362390e+03
2.59752221e-03 8.86993288e+03
2.60321241e-03 8.88623838e+03
2.60890578e-03 8.90254035e+03
2.61460230e-03 8.91883873e+03
2.62030196e-03 8.93513346e+03
2.62600474e-03 8.95142448e+03
2.63171063e-03 8.96771174e+03
2.63741961e-03 8.98399519e+03
2.64313167e-03 9.00027477e+03
2.64884680e-03 9.01655042e+03
2.65456498e-03 9.03282209e+03
2.66028620e-03 9.04908973e+03
2.66601043e-03 9.06535328e+03
2.67173768e-03 9.08161269e+03
2.67746793e-03 9.09786791e+03
2.68320115e-03 9.11411888e+03
2.68893734e-03 9.13036555e+03
2.69467649e-03 9.14660787e+03
2.70041857e-03 9.16284579e+03
2.70616359e-03 9.17907926e+03
2.71191151e-03 9.19530822e+03
2.71766234e-03 9.21153262e+03
2.72341605e-03 9.22775242e+03
2.72917263e-03 9.24396757e+03
2.73493208e-03 9.26017801e+03
2.74069437e-03 9.27638370e+03
2.74645950e-03 9.29258458e+03
2.75222744e-03 9.30878062e+03
2.75799819e-03 9.32497175e+03
2.76377174e-03 9.34115794e+03
2.76954807e-03 9.35733913e+03
2.77532717e-03 9.37351528e+03
2.78110903e-03 9.38968633e+03
2.78689363e-03 9.40585226e+03
2.79268096e-03 9.42201300e+03
2.79847101e-03 9.43816851e+03
2.80426377e-03 9.45431874e+03
2.81005922e-03 9.47046366e+03
2.81585736e-03 9.48660321e+03
2.82165816e-03 9.50273735e+03
2.82746162e-03 9.51886604e+03
2.83326773e-03 9.53498923e+03
2.83907647e-03 9.55110688e+03
2.84488783e-03 9.56721894e+03
2.85070180e-03 9.58332537e+03
2.85651837e-03 9.59942613e+03
2.86233753e-03 9.61552117e+03
2.86815926e-03 9.63161046e+03
2.87398355e-03 9.64769394e+03
2.87981039e-03 9.66377159e+03
2.88563978e-03 9.67984335e+03
2.89147169e-03 9.69590919e+03
2.89730612e-03 9.71196906e+03
2.90314305e-03 9.72802293e+03
2.90898247e-03 9.74407075e+03
2.91482438e-03 9.76011248e+03
2.92066876e-03 9.77614809e+03
2.92651561e-03 9.79217754e+03
2.93236490e-03 9.80820077e+03
2.93821663e-03 9.82421777e+03
2.94407078e-03 9.84022848e+03
2.94992735e-03 9.85623287e+03
2.95578633e-03 9.87223089e+03
2.96164771e-03 9.88822253e+03
2.96751146e-03 9.90420772e+03
2.97337760e-03 9.92018645e+03
2.97924609e-03 9.93615866e+03
2.98511694e-03 9.95212433e+03
2.99099013e-03 9.96808342e+03
2.99686565e-03 9.98403588e+03
3.00274349e-03 9.99998169e+03
3.00862364e-03 1.00159208e+04
3.01450609e-03 1.00318532e+04
3.02039083e-03 1.00477788e+04
3.02627786e-03 1.00636977e+04
3.03216715e-03 1.00796097e+04
3.03805870e-03 1.00955148e+04
3.04395250e-03 1.01114130e+04
3.04984855e-03 1.01273043e+04
3.05574682e-03 1.01431887e+04
3.06164731e-03 1.01590660e+04
3.06755002e-03 1.01749363e+04
3.07345492e-03 1.01907995e+04
3.07936202e-03 1.02066556e+04
3.08527129e-03 1.02225046e+04
3.09118274e-03 1.02383464e+04
3.09709635e-03 1.02541810e+04
3.10301211e-03 1.02700084e+04
3.10893002e-03 1.02858285e+04
3.11485006e-03 1.03016414e+04
3.12077223e-03 1.03174469e+04
3.12669651e-03 1.03332450e+04
3.13262290e-03 1.03490358e+04
3.13855138e-03 1.03648191e+04
3.14448195e-03 1.03805950e+04
3.15041460e-03 1.03963634e+04
3.15634932e-03 1.04121243e+04
3.16228610e-03 1.04278777e+04
3.16822493e-03 1.04436235e+04
3.17416581e-03 1.04593617e+04
3.18010872e-03 1.04750923e+04
3.18605365e-03 1.04908152e+04
3.19200060e-03 1.05065305e+04
3.19794956e-03 1.05222380e+04
3.20390052e-03 1.05379378e+04
3.20985347e-03 1.05536298e+04
3.21580840e-03 1.05693141e+04
3.22176530e-03 1.05849905e+04
3.22772417e-03 1.06006590e+04
3.23368499e-03 1.06163197e+04
3.23964776e-03 1.06319725e+04
3.24561248e-03 1.06476173e+04
3.25157912e-03 1.06632542e+04
3.25754768e-03 1.06788831e+04
3.26351817e-03 1.06945040e+04
3.26949055e-03 1.07101169e+04
3.27546484e-03 1.07257217e+04
3.28144102e-03 1.07413184e+04
3.28741907e-03 1.07569070e+04
3.29339901e-03 1.07724875e+04
3.29938081e-03 1.07880598e+04
3.30536447e-03 1.08036239e+04
3.31134997e-03 1.08191798e+04
3.31733733e-03 1.08347275e+04
3.32332651e-03 1.08502669e+04
3.32931753e-03 1.08657980e+04
3.33531036e-03 1.08813208e+04
3.34130501e-03 1.08968353e+04
3.34730146e-03 1.09123414e+04
3.35329970e-03 1.09278392e+04
3.35929974e-03 1.09433285e+04
3.36530156e-03 1.09588095e+04
3.37130515e-03 1.09742820e+04
3.37731050e-03 1.09897460e+04
3.38331762e-03 1.10052015e+04
3.38932649e-03 1.10206485e+04
3.39533710e-03 1.10360870e+04
3.40134946e-03 1.10515169e+04
3.40736354e-03 1.10669382e+04
3.41337934e-03 1.10823509e+04
3.41939686e-03 1.10977550e+04
3.42541609e-03 1.11131505e+04
3.43143702e-03 1.11285373e+04
3.43745965e-03 1.11439154e+04
3.44348396e-03 1.11592848e+04
3.44950995e-03 1.11746455e+04
3.45553762e-03 1.11899974e+04
3.46156695e-03 1.12053406e+04
3.46759794e-03 1.12206750e+04
3.47363059e-03 1.12360005e+04
3.47966488e-03 1.12513173e+04
3.48570082e-03 1.12666252e+04
3.49173838e-03 1.12819242e+04
3.49777757e-03 1.12972144e+04
3.50381838e-03 1.13124956e+04
3.50986080e-03 1.13277679e+04
3.51590483e-03 1.13430313e+04
3.52195046e-03 1.13582857e+04
3.52799768e-03 1.13735312e+04
3.53404649e-03 1.13887676e+04
3.54009688e-03 1.14039951e+04
3.54614884e-03 1.14192135e+04
3.55220237e-03 1.14344228e+04
3.55825747e-03 1.14496231e+04
3.56431411e-03 1.14648143e+04
3.57037231e-03 1.14799964e+04
3.57643204e-03 1.14951693e+04
3.58249332e-03 1.15103332e+04
3.58855612e-03 1.15254878e+04
3.59462045e-03 1.15406333e+04
3.60068629e-03 1.15557697e+04
3.60675365e-03 1.15708968e+04
3.61282251e-03 1.15860147e+04
3.61889287e-03 1.16011233e+04
3.62496472e-03 1.16162227e+04
3.63103807e-03 1.16313129e+04
3.63711289e-03 1.16463937e+04
3.64318919e-03 1.16614652e+04
3.64926696e-03 1.16765275e+04
3.65534619e-03 1.16915804e+04
3.66142688e-03 1.17066239e+04
3.66750903e-03 1.17216581e+04
3.67359262e-03 1.17366829e+04
3.67967765e-03 1.17516983e+04
3.68576412e-03 1.17667043e+04
3.69185201e-03 1.17817009e+04
3.69794133e-03 1.17966881e+04
3.70403207e-03 1.18116658e+04
3.71012422e-03 1.18266340e+04
3.71621778e-03 1.18415928e+04
3.72231274e-03 1.18565420e+04
3.72840910e-03 1.18714818e+04
3.73450685e-03 1.18864120e+04
3.74060598e-03 1.19013327e+04
3.74670650e-03 1.19162439e+04
3.75280839e-03 1.19311455e+04
3.75891164e-03 1.19460375e+04
3.76501627e-03 1.19609199e+04
3.77112225e-03 1.19757927e+04
3.77722958e-03 1.19906559e+04
3.78333826e-03 1.20055095e+04
3.78944829e-03 1.20203535e+04
3.79555965e-03 1.20351878e+04
3.80167235e-03 1.20500124e+04
3.80778637e-03 1.20648274e+04
3.81390172e-03 1.20796326e+04
3.82001838e-03 1.20944282e+04
3.82613636e-03 1.21092141e+04
3.83225565e-03 1.21239902e+04
3.83837623e-03 1.21387566e+04
3.84449812e-03 1.21535132e+04
3.85062129e-03 1.21682601e+04
3.85674576e-03 1.21829972e+04
3.86287150e-03 1.21977246e+04
3.86899853e-03 1.22124421e+04
3.87512682e-03 1.22271498e+04
3.88125639e-03 1.22418477e+04
3.88738722e-03 1.22565358e+04
3.89351931e-03 1.22712141e+04
3.89965265e-03 1.22858825e+04
3.90578724e-03 1.23005410e+04
3.91192307e-03 1.23151897e+04
3.91806015e-03 1.23298285e+04
3.92419846e-03 1.23444574e+04
3.93033800e-03 1.23590764e+04
3.93647877e-03 1.23736855e+04
3.94262075e-03 1.23882847e+04
3.94876396e-03 1.24028740e+04
3.95490838e-03 1.24174533e+04
3.96105400e-03 1.24320226e+04
3.96720083e-03 1.24465820e+04
3.97334886e-03 1.24611314e+04
3.97949808e-03 1.24756709e+04
3.98564849e-03 1.24902004e+04
3.99180009e-03 1.25047198e+04
3.99795286e-03 1.25192293e+04
4.00410682e-03 1.25337287e+04
4.01026195e-03 1.25482182e+04
4.01641824e-03 1.25626976e+04
4.02257570e-03 1.25771669e+04
4.02873432e-03 1.25916262e+04
4.03489409e-03 1.26060754e+04
4.04105502e-03 1.26205146e+04
4.04721709e-03 1.26349437e+04
4.05338031e-03 1.26493627e+04
4.05954466e-03 1.26637717e+04
4.06571015e-03 1.26781705e+04
4.07187677e-03 1.26925592e+04
4.07804452e-03 1.27069378e+04
4.08421339e-03 1.27213063e+04
4.09038337e-03 1.27356646e+04
4.09655447e-03 1.27500128e+04
4.10272669e-03 1.27643509e+04
4.10890000e-03 1.27786788e+04
4.11507442e-03 1.27929966e+04
4.12124994e-03 1.28073041e+04
4.12742655e-03 1.28216015e+04
4.13360425e-03 1.28358887e+04
4.13978304e-03 1.28501658e+04
4.14596291e-03 1.28644326e+04
4.15214386e-03 1.28786892e+04
4.15832589e-03 1.28929356e+04
4.16450899e-03 1.29071718e+04
4.17069315e-03 1.29213978e+04
4.17687838e-03 1.29356135e+04
4.18306467e-03 1.29498190e+04
4.18925201e-03 1.29640143e+04
4.19544041e-03 1.29781993e+04
4.20162985e-03 1.29923740e+04
4.20782034e-03 1.30065385e+04
4.21401187e-03 1.30206927e+04
4.22020444e-03 1.30348367e+04
4.22639804e-03 1.30489703e+04
4.23259268e-03 1.30630937e+04
4.23878834e-03 1.30772068e+04
4.24498502e-03 1.30913095e+04
4.25118272e-03 1.31054020e+04
4.25738144e-03 1.31194842e+04
4.26358118e-03 1.31335560e+04
4.26978192e-03 1.31476175e+04
4.27598366e-03 1.31616687e+04
4.28218641e-03 1.31757096e+04
4.28839016e-03 1.31897401e+04
4.29459491e-03 1.32037603e+04
4.30080064e-03 1.32177701e+04
4.30700736e-03 1.32317696e+04
4.31321507e-03 1.32457587e+04
4.31942376e-03 1.32597375e+04
4.32563343e-03 1.32737059e+04
4.33184408e-03 1.32876639e+04
4.33805569e-03 1.33016115e+04
4.34426828e-03 1.33155488e+04
4.35048183e-03 1.33294756e+04
4.35669634e-03 1.33433921e+04
4.36291181e-03 1.33572982e+04
4.36912824e-03 1.33711939e+04
4.37534561e-03 1.33850791e+04
4.38156394e-03 1.33989540e+04
4.38778321e-03 1.34128184e+04
4.39400343e-03 1.34266725e+04
4.40022458e-03 1.34405161e+04
4.40644668e-03 1.34543492e+04
4.41266970e-03 1.34681720e+04
4.41889365e-03 1.34819843e+04
4.42511854e-03 1.34957862e+04
4.43134434e-03 1.35095776e+04
4.43757107e-03 1.35233586e+04
4.44379871e-03 1.35371292e+04
4.45002727e-03 1.35508893e+04
4.45625674e-03 1.35646389e+04
4.46248712e-03 1.35783781e+04
4.46871841e-03 1.35921068e+04
4.47495059e-03 1.36058250e+04
4.48118368e-03 1.36195328e+04
4.48741767e-03 1.36332301e+04
4.49365254e-03 1.36469169e+04
4.49988831e-03 1.36605933e+04
4.50612497e-03 1.36742591e+04
4.51236251e-03 1.36879145e+04
4.51860094e-03 1.37015594e+04
4.52484024e-03 1.37151938e+04
4.53108042e-03 1.37288177e+04
4.53732148e-03 1.37424311e+04
4.54356340e-03 1.37560340e+04
4.54980620e-03 1.37696264e+04
4.55604986e-03 1.37832082e+04
4.56229438e-03 1.37967796e+04
4.56853976e-03 1.38103405e+04
4.57478600e-03 1.38238908e+04
4.58103309e-03 1.38374307e+04
4.58728103e-03 1.38509600e+04
4.59352983e-03 1.38644788e+04
4.59977947e-03 1.38779871e+04
4.60602995e-03 1.38914848e+04
4.61228127e-03 1.39049720e+04
4.61853343e-03 1.39184487e+04
4.62478643e-03 1.39319149e+04
4.63104026e-03 1.39453705e+04
4.63729492e-03 1.39588156e+04
4.64355041e-03 1.39722502e+04
4.64980672e-03 1.39856742e+04
4.65606385e-03 1.39990876e+04
4.66232181e-03 1.40124905e+04
4.66858058e-03 1.40258829e+04
4.67484017e-03 1.40392648e+04
4.68110056e-03 1.40526360e+04
4.68736177e-03 1.40659968e+04
4.69362379e-03 1.40793469e+04
4.69988661e-03 1.40926865e+04
4.70615023e-03 1.41060156e+04
4.71241465e-03 1.41193341e+04
4.71867987e-03 1.41326421e+04
4.72494588e-03 1.41459394e+04
4.73121269e-03 1.41592263e+04
4.73748028e-03 1.41725025e+04
4.74374867e-03 1.41857682e+04
4.75001783e-03 1.41990234e+04
4.75628778e-03 1.42122679e+04
4.76255851e-03 1.42255019e+04
4.76883002e-03 1.42387253e+04
4.77510231e-03 1.42519382e+04
4.78137536e-03 1.42651405e+04
4.78764919e-03 1.42783322e+04
4.79392379e-03 1.42915133e+04
4.80019915e-03 1.43046839e+04
4.80647527e-03 1.43178439e+04
4.81275216e-03 1.43309933e+04
4.81902981e-03 1.43441321e+04
4.82530821e-03 1.43572604e+04
4.83158737e-03 1.43703781e+04
4.83786728e-03 1.43834852e+04
4.84414794e-03 1.43965817e+04
4.85042935e-03 1.44096677e+04
4.85671151e-03 1.44227430e+04
4.86299440e-03 1.44358078e+04
4.86927804e-03 1.44488620e+04
4.87556242e-03 1.44619056e+04
4.88184754e-03 1.44749387e+04
4.88813339e-03 1.44879611e+04
4.89441997e-03 1.45009730e+04
4.90070728e-03 1.45139743e+04
4.90699533e-03 1.45269650e+04
4.91328409e-03 1.45399451e+04
4.91957359e-03 1.45529146e+04
4.92586380e-03 1.45658736e+04
4.93215473e-03 1.45788220e+04
4.93844638e-03 1.45917598e+04
4.94473875e-03 1.46046869e+04
4.95103183e-03 1.46176036e+04
4.95732562e-03 1.46305096e+04
4.96362013e-03 1.46434050e+04
4.96991533e-03 1.46562899e+04
4.97621125e-03 1.46691642e+04
4.98250787e-03 1.46820279e+04
4.98880519e-03 1.46948810e+04
4.99510320e-03 1.47077235e+04
5.00140192e-03 1.47205554e+04
5.00770133e-03 1.47333768e+04
5.01400144e-03 1.47461876e+04
5.02030223e-03 1.47589878e+04
5.02660372e-03 1.47717774e+04
5.03290589e-03 1.47845564e+04
5.03920875e-03 1.47973248e+04
5.04551229e-03 1.48100827e+04
5.05181652e-03 1.48228300e+04
5.05812142e-03 1.48355667e+04
5.06442700e-03 1.48482928e+04
5.07073326e-03 1.48610084e+04
5.07704019e-03 1.48737133e+04
5.08334780e-03 1.48864077e+04
5.08965607e-03 1.48990915e+04
5.09596501e-03 1.49117648e+04
5.10227462e-03 1.49244274e+04
5.10858490e-03 1.49370795e+04
5.11489584e-03 1.49497210e+04
5.12120744e-03 1.49623520e+04
5.12751969e-03 1.49749723e+04
5.13383261e-03 1.49875821e+04
5.14014618e-03 1.50001813e+04
5.14646041e-03 1.50127700e+04
5.15277528e-03 1.50253481e+04
5.15909081e-03 1.50379156e+04
5.16540699e-03 1.50504725e+04
5.17172381e-03 1.50630189e+04
5.17804128e-03 1.50755547e+04
5.18435939e-03 1.50880800e+04
5.19067814e-03 1.51005947e+04
5.19699754e-03 1.51130988e+04
5.20331757e-03 1.51255924e+04
5.20963824e-03 1.51380754e+04
5.21595954e-03 1.51505479e+04
5.22228147e-03 1.51630098e+04
5.22860404e-03 1.51754611e+04
5.23492724e-03 1.51879019e+04
5.24125106e-03 1.52003321e+04
5.24757551e-03 1.52127518e+04
5.25390059e-03 1.52251610e+04
5.26022629e-03 1.52375595e+04
5.26655261e-03 1.52499476e+04
5.27287954e-03 1.52623251e+04
5.27920710e-03 1.52746920e+04
5.28553528e-03 1.52870484e+04
5.29186407e-03 1.52993943e+04
5.29819347e-03 1.53117296e+04
5.30452348e-03 1.53240544e+04
5.31085411e-03 1.53363687e+04
5.31718534e-03 1.53486724e+04
5.32351718e-03 1.53609656e+04
5.32984962e-03 1.53732482e+04
5.33618267e-03 1.53855203e+04
5.34251632e-03 1.53977819e+04
5.34885057e-03 1.54100330e+04
5.35518542e-03 1.54222735e+04
5.36152087e-03 1.54345036e+04
5.36785692e-03 1.54467231e+04
5.37419355e-03 1.54589320e+04
5.38053079e-03 1.54711305e+04
5.38686861e-03 1.54833184e+04
5.39320702e-03 1.54954959e+04
5.39954602e-03 1.55076628e+04
5.40588561e-03 1.55198192e+04
5.41222579e-03 1.55319651e+04
5.41856655e-03 1.55441005e+04
5.42490789e-03 1.55562254e+04
5.43124981e-03 1.55683398e+04
5.43759231e-03 1.55804437e+04
5.44393539e-03 1.55925371e+04
5.45027905e-03 1.56046200e+04
5.45662328e-03 1.56166924e+04
5.46296809e-03 1.56287543e+04
5.46931347e-03 1.56408057e+04
5.47565942e-03 1.56528467e+04
5.48200593e-03 1.56648771e+04
5.48835302e-03 1.56768971e+04
5.49470068e-03 1.56889066e+04
5.50104890e-03 1.57009056e+04
5.50739768e-03 1.57128941e+04
5.51374703e-03 1.57248722e+04
5.52009694e-03 1.57368398e+04
5.52644741e-03 1.57487969e+04
5.53279843e-03 1.57607435e+04
5.53915002e-03 1.57726797e+04
5.54550216e-03 1.57846054e+04
5.55185486e-03 1.57965207e+04
5.55820810e-03 1.58084255e+04
5.56456190e-03 1.58203199e+04
5.57091626e-03 1.58322038e+04
5.57727116e-03 1.58440772e+04
5.58362661e-03 1.58559402e+04
5.58998260e-03 1.58677928e+04
5.59633914e-03 1.58796349e+04
5.60269623e-03 1.58914666e+04
5.60905385e-03 1.59032878e+04
5.61541202e-03 1.59150986e+04
5.62177073e-03 1.59268990e+04
5.62812998e-03 1.59386890e+04
5.63448977e-03 1.59504685e+04
5.64085009e-03 1.59622376e+04
5.64721095e-03 1.59739962e+04
5.65357234e-03 1.59857445e+04
5.65993426e-03 1.59974823e+04
5.66629672e-03 1.60092098e+04
5.67265971e-03 1.60209268e+04
5.67902322e-03 1.60326334e+04
5.68538727e-03 1.60443296e+04
5.69175184e-03 1.60560154e+04
5.69811693e-03 1.60676908e+04
5.70448255e-03 1.60793558e+04
5.71084869e-03 1.60910104e+04
5.71721536e-03 1.61026546e+04
5.72358254e-03 1.61142884e+04
5.72995025e-03 1.61259119e+04
5.73631847e-03 1.61375249e+04
5.74268721e-03 1.61491276e+04
5.74905647e-03 1.61607199e+04
5.75542624e-03 1.61723019e+04
5.76179652e-03 1.61838734e+04
5.76816732e-03 1.61954346e+04
5.77453863e-03 1.62069855e+04
5.78091045e-03 1.62185259e+04
5.78728277e-03 1.62300560e+04
5.79365561e-03 1.62415758e+04
5.80002895e-03 1.62530852e+04
5.80640280e-03 1.62645842e+04
5.81277715e-03 1.62760729e+04
5.81915201e-03 1.62875513e+04
5.82552736e-03 1.62990193e+04
5.83190322e-03 1.63104770e+04
5.83827958e-03 1.63219244e+04
5.84465644e-03 1.63333614e+04
5.85103380e-03 1.63447881e+04
5.85741165e-03 1.63562044e+04
5.86379000e-03 1.63676105e+04
5.87016884e-03 1.63790062e+04
5.87654818e-03 1.63903916e+04
5.88292801e-03 1.64017667e+04
5.88930833e-03 1.64131315e+04
5.89568915e-03 1.64244860e+04
5.90207045e-03 1.64358302e+04
5.90845224e-03 1.64471641e+04
5.91483452e-03 1.64584877e+04
5.92121728e-03 1.64698010e+04
5.92760053e-03 1.64811040e+04
5.93398426e-03 1.64923967e+04
5.94036848e-03 1.65036792e+04
5.94675318e-03 1.65149514e+04
5.95313836e-03 1.65262133e+04
5.95952402e-03 1.65374649e+04
5.96591016e-03 1.65487062e+04
5.97229678e-03 1.65599373e+04
5.97868387e-03 1.65711581e+04
5.98507144e-03 1.65823687e+04
5.99145949e-03 1.65935690e+04
5.99784801e-03 1.66047591e+04
6.00423700e-03 1.66159389e+04
6.01062647e-03 1.66271085e+04
6.01701641e-03 1.66382678e+04
6.02340682e-03 1.66494169e+04
6.02979770e-03 1.66605558e+04
6.03618904e-03 1.66716844e+04
6.04258086e-03 1.66828028e+04
6.04897314e-03 1.66939110e+04
6.05536588e-03 1.67050089e+04
6.06175909e-03 1.67160967e+04
6.06815277e-03 1.67271742e+04
6.07454691e-03 1.67382415e+04
6.08094151e-03 1.67492987e+04
6.08733657e-03 1.67603456e+04
6.09373209e-03 1.67713823e+04
6.10012807e-03 1.67824088e+04
6.10652450e-03 1.67934252e+04
6.11292140e-03 1.68044313e+04
6.11931875e-03 1.68154273e+04
6.12571656e-03 1.68264131e+04
6.13211482e-03 1.68373887e+04
6.13851354e-03 1.68483541e+04
6.14491271e-03 1.68593094e+04
6.15131233e-03 1.68702545e+04
6.15771240e-03 1.68811894e+04
6.16411292e-03 1.68921142e+04
6.17051389e-03 1.69030289e+04
6.17691531e-03 1.69139333e+04
6.18331718e-03 1.69248277e+04
6.18971950e-03 1.69357119e+04
6.19612226e-03 1.69465859e+04
6.20252546e-03 1.69574499e+04
6.20892911e-03 1.69683037e+04
6.21533321e-03 1.69791473e+04
6.22173774e-03 1.69899809e+04
6.22814272e-03 1.70008043e+04
6.23454814e-03 1.70116176e+04
6.24095400e-03 1.70224208e+04
6.24736030e-03 1.70332139e+04
6.25376703e-03 1.70439969e+04
6.26017421e-03 1.70547698e+04
6.26658182e-03 1.70655326e+04
6.27298987e-03 1.70762853e+04
6.27939835e-03 1.70870279e+04
6.28580727e-03 1.70977604e+04
6.29221662e-03 1.71084829e+04
6.29862640e-03 1.71191952e+04
6.30503662e-03 1.71298975e+04
6.31144726e-03 1.71405898e+04
6.31785834e-03 1.71512719e+04
6.32426985e-03 1.71619440e+04
6.33068178e-03 1.71726061e+04
6.33709415e-03 1.71832581e+04
6.34350694e-03 1.71939000e+04
6.34992015e-03 1.72045319e+04
6.35633380e-03 1.72151538e+04
6.36274787e-03 1.72257656e+04
6.36916236e-03 1.72363674e+04
6.37557727e-03 1.72469592e+04
6.38199261e-03 1.72575409e+04
6.38840837e-03 1.72681126e+04
6.39482456e-03 1.72786743e+04
6.40124116e-03 1.72892260e+04
6.40765818e-03 1.72997677e+04
6.41407562e-03 1.73102994e+04
6.42049348e-03 1.73208211e+04
6.42691176e-03 1.73313328e+04
6.43333046e-03 1.73418345e+04
6.43974957e-03 1.73523262e+04
6.44616909e-03 1.73628079e+04
6.45258904e-03 1.73732796e+04
6.45900939e-03 1.73837414e+04
6.46543016e-03 1.73941932e+04
6.47185134e-03 1.74046350e+04
6.47827293e-03 1.74150669e+04
6.48469494e-03 1.74254888e+04
6.49111735e-03 1.74359008e+04
6.49754018e-03 1.74463028e+04
6.50396341e-03 1.74566948e+04
6.51038705e-03 1.74670769e+04
6.51681110e-03 1.74774491e+04
6.52323556e-03 1.74878114e+04
6.52966043e-03 1.74981637e+04
6.53608569e-03 1.75085061e+04
6.54251137e-03 1.75188385e+04
6.54893745e-03 1.75291611e+04
6.55536393e-03 1.75394737e+04
6.56179082e-03 1.75497764e+04
6.56821810e-03 1.75600693e+04
6.57464579e-03 1.75703522e+04
6.58107389e-03 1.75806252e+04
6.58750238e-03 1.75908884e+04
6.59393127e-03 1.76011416e+04
6.60036056e-03 1.76113850e+04
6.60679025e-03 1.76216185e+04
6.61322033e-03 1.76318421e+04
6.61965082e-03 1.76420558e+04
6.62608170e-03 1.76522597e+04
6.63251298e-03 1.76624537e+04
6.63894465e-03 1.76726379e+04
6.64537672e-03 1.76828122e+04
6.65180918e-03 1.76929766e+04
6.65824203e-03 1.77031312e+04
6.66467528e-03 1.77132760e+04
6.67110892e-03 1.77234110e+04
6.67754295e-03 1.77335361e+04
6.68397737e-03 1.77436513e+04
6.69041219e-03 1.77537568e+04
6.69684739e-03 1.77638524e+04
6.70328298e-03 1.77739382e+04
6.70971896e-03 1.77840143e+04
6.71615533e-03 1.77940805e+04
6.72259209e-03 1.78041369e+04
6.72902923e-03 1.78141835e+04
6.73546676e-03 1.78242203e+04
6.74190467e-03 1.78342473e+04
6.74834297e-03 1.78442645e+04
6.75478166e-03 1.78542720e+04
6.76122073e-03 1.78642697e+04
6.76766018e-03 1.78742576e+04
6.77410001e-03 1.78842358e+04
6.78054023e-03 1.78942041e+04
6.78698083e-03 1.79041628e+04
6.79342181e-03 1.79141117e+04
6.79986317e-03 1.79240508e+04
6.80630491e-03 1.79339802e+04
6.81274703e-03 1.79438998e+04
6.81918953e-03 1.79538097e+04
6.82563241e-03 1.79637099e+04
6.83207566e-03 1.79736003e+04
6.83851930e-03 1.79834811e+04
6.84496331e-03 1.79933521e+04
6.85140769e-03 1.80032134e+04
6.85785245e-03 1.80130649e+04
6.86429759e-03 1.80229068e+04
6.87074310e-03 1.80327390e+04
6.87718898e-03 1.80425615e+04
6.88363524e-03 1.80523743e+04
6.89008187e-03 1.80621774e+04
6.89652888e-03 1.80719708e+04
6.90297625e-03 1.80817545e+04
6.90942400e-03 1.80915286e+04
6.91587212e-03 1.81012930e+04
6.92232061e-03 1.81110477e+04
6.92876947e-03 1.81207928e+04
6.93521869e-03 1.81305282e+04
6.94166829e-03 1.81402540e+04
6.94811826e-03 1.81499701e+04
6.95456859e-03 1.81596766e+04
6.96101929e-03 1.81693734e+04
6.96747036e-03 1.81790606e+04
6.97392179e-03 1.81887382e+04
6.98037359e-03 1.81984061e+04
6.98682576e-03 1.82080645e+04
6.99327829e-03 1.82177132e+04
6.99973118e-03 1.82273523e+04
7.00618444e-03 1.82369818e+04
7.01263806e-03 1.82466017e+04
7.01909205e-03 1.82562120e+04
7.02554639e-03 1.82658127e+04
7.03200110e-03 1.82754038e+04
7.03845617e-03 1.82849853e+04
7.04491161e-03 1.82945572e+04
7.05136740e-03 1.83041196e+04
7.05782355e-03 1.83136724e+04
7.06428007e-03 1.83232156e+04
7.07073694e-03 1.83327493e+04
7.07719417e-03 1.83422734e+04
7.08365176e-03 1.83517880e+04
7.09010970e-03 1.83612930e+04
7.09656801e-03 1.83707885e+04
7.10302667e-03 1.83802744e+04
7.10948569e-03 1.83897508e+04
7.11594506e-03 1.83992177e+04
7.12240479e-03 1.84086750e+04
7.12886488e-03 1.84181228e+04
7.13532532e-03 1.84275611e+04
7.14178611e-03 1.84369899e+04
7.14824726e-03 1.84464092e+04
7.15470876e-03 1.84558190e+04
7.16117062e-03 1.84652192e+04
7.16763282e-03 1.84746100e+04
7.17409538e-03 1.84839913e+04
7.18055829e-03 1.84933631e+04
7.18702156e-03 1.85027255e+04
7.19348517e-03 1.85120783e+04
7.19994913e-03 1.85214217e+04
7.20641345e-03 1.85307556e+04
7.21287811e-03 1.85400801e+04
7.21934312e-03 1.85493951e+04
7.22580848e-03 1.85587006e+04
7.23227419e-03 1.85679967e+04
7.23874025e-03 1.85772833e+04
7.24520666e-03 1.85865606e+04
7.25167341e-03 1.85958283e+04
7.25814051e-03 1.86050867e+04
7.26460796e-03 1.86143356e+04
7.27107575e-03 1.86235751e+04
7.27754389e-03 1.86328052e+04
7.28401237e-03 1.86420258e+04
7.29048120e-03 1.86512371e+04
7.29695037e-03 1.86604390e+04
7.30341989e-03 1.86696314e+04
7.30988975e-03 1.86788145e+04
7.31635995e-03 1.86879882e+04
7.32283050e-03 1.86971525e+04
7.32930138e-03 1.87063074e+04
7.33577262e-03 1.87154529e+04
7.34224419e-03 1.87245891e+04
7.34871610e-03 1.87337159e+04
7.35518836e-03 1.87428333e+04
7.36166095e-03 1.87519414e+04
7.36813389e-03 1.87610401e+04
7.37460716e-03 1.87701295e+04
7.38108078e-03 1.87792095e+04
7.38755474e-03 1.87882802e+04
7.39402903e-03 1.87973416e+04
7.40050366e-03 1.88063936e+04
7.40697863e-03 1.88154363e+04
7.41345394e-03 1.88244697e+04
7.41992958e-03 1.88334938e+04
7.42640557e-03 1.88425085e+04
7.43288189e-03 1.88515140e+04
7.43935854e-03 1.88605102e+04
7.44583553e-03 1.88694970e+04
7.45231286e-03 1.88784746e+04
7.45879052e-03 1.88874429e+04
7.46526852e-03 1.88964018e+04
7.47174685e-03 1.89053516e+04
7.47822552e-03 1.89142920e+04
7.48470452e-03 1.89232232e+04
7.49118385e-03 1.89321451e+04
7.49766352e-03 1.89410577e+04
7.50414352e-03 1.89499611e+04
7.51062385e-03 1.89588552e+04
7.51710452e-03 1.89677401e+04
7.52358552e-03 1.89766158e+04
7.53006684e-03 1.89854822e+04
7.53654850e-03 1.89943393e+04
7.54303050e-03 1.90031873e+04
7.54951282e-03 1.90120260e+04
7.55599547e-03 1.90208555e+04
7.56247845e-03 1.90296758e+04
7.56896176e-03 1.90384869e+04
7.57544541e-03 1.90472888e+04
7.58192938e-03 1.90560814e+04
7.58841368e-03 1.90648649e+04
7.59489830e-03 1.90736392e+04
7.60138326e-03 1.90824043e+04
7.60786854e-03 1.90911602e+04
7.61435415e-03 1.90999070e+04
7.62084009e-03 1.91086445e+04
7.62732636e-03 1.91173729e+04
7.63381295e-03 1.91260922e+04
7.64029987e-03 1.91348023e+04
7.64678712e-03 1.91435032e+04
7.65327469e-03 1.91521950e+04
7.65976258e-03 1.91608776e+04
7.66625080e-03 1.91695511e+04
7.67273935e-03 1.91782154e+04
7.67922822e-03 1.91868707e+04
7.68571742e-03 1.91955168e+04
7.69220694e-03 1.92041537e+04
7.69869678e-03 1.92127816e+04
7.70518695e-03 1.92214003e+04
7.71167744e-03 1.92300100e+04
7.71816825e-03 1.92386105e+04
7.72465938e-03 1.92472019e+04
7.73115084e-03 1.92557843e+04
7.73764262e-03 1.92643575e+04
7.74413473e-03 1.92729217e+04
7.75062715e-03 1.92814768e+04
7.75711989e-03 1.92900228e+04
7.76361296e-03 1.92985597e+04
7.77010635e-03 1.93070876e+04
7.77660005e-03 1.93156064e+04
7.78309408e-03 1.93241162e+04
7.78958843e-03 1.93326169e+04
7.79608310e-03 1.93411085e+04
7.80257808e-03 1.93495912e+04
7.80907339e-03 1.93580647e+04
7.81556901e-03 1.93665293e+04
7.82206496e-03 1.93749848e+04
7.82856122e-03 1.93834313e+04
7.83505780e-03 1.93918687e+04
7.84155470e-03 1.94002972e+04
7.84805191e-03 1.94087166e+04
7.85454944e-03 1.94171271e+04
7.86104730e-03 1.94255285e+04
7.86754546e-03 1.94339209e+04
7.87404395e-03 1.94423044e+04
7.88054275e-03 1.94506788e+04
7.88704186e-03 1.94590443e+04
7.89354130e-03 1.94674008e+04
7.90004105e-03 1.94757483e+04
7.90654111e-03 1.94840869e+04
7.91304149e-03 1.94924165e+04
7.91954218e-03 1.95007371e+04
7.92604319e-03 1.95090488e+04
7.93254452e-03 1.95173515e+04
7.93904615e-03 1.95256453e+04
7.94554811e-03 1.95339302e+04
7.95205037e-03 1.95422061e+04
7.95855295e-03 1.95504730e+04
7.96505585e-03 1.95587311e+04
7.97155905e-03 1.95669802e+04
7.97806257e-03 1.95752204e+04
7.98456640e-03 1.95834517e+04
7.99107055e-03 1.95916741e+04
7.99757501e-03 1.95998876e+04
8.00407977e-03 1.96080922e+04
8.01058486e-03 1.96162878e+04
8.01709025e-03 1.96244746e+04
8.02359595e-03 1.96326526e+04
8.03010197e-03 1.96408216e+04
8.03660830e-03 1.96489817e+04
8.04311493e-03 1.96571330e+04
8.04962188e-03 1.96652754e+04
8.05612914e-03 1.96734090e+04
8.06263671e-03 1.96815337e+04
8.06914459e-03 1.96896495e+04
8.07565278e-03 1.96977565e+04
8.08216128e-03 1.97058547e+04
8.08867009e-03 1.97139440e+04
8.09517920e-03 1.97220245e+04
8.10168863e-03 1.97300961e+04
8.10819836e-03 1.97381590e+04
8.11470841e-03 1.97462130e+04
8.12121876e-03 1.97542582e+04
8.12772942e-03 1.97622946e+04
8.13424039e-03 1.97703221e+04
8.14075167e-03 1.97783409e+04
8.14726325e-03 1.97863509e+04
8.15377514e-03 1.97943521e+04
8.16028734e-03 1.98023444e+04
8.16679985e-03 1.98103281e+04
8.17331266e-03 1.98183029e+04
8.17982578e-03 1.98262690e+04
8.18633921e-03 1.98342262e+04
8.19285294e-03 1.98421748e+04
8.19936698e-03 1.98501145e+04
8.20588133e-03 1.98580455e+04
8.21239598e-03 1.98659678e+04
8.21891094e-03 1.98738813e+04
8.22542620e-03 1.98817861e+04
8.23194177e-03 1.98896821e+04
8.23845764e-03 1.98975694e+04
8.24497382e-03 1.99054480e+04
8.25149030e-03 1.99133178e+04
8.25800709e-03 1.99211790e+04
8.26452418e-03 1.99290314e+04
8.27104158e-03 1.99368751e+04
8.27755928e-03 1.99447101e+04
8.28407729e-03 1.99525364e+04
8.29059560e-03 1.99603540e+04
8.29711421e-03 1.99681629e+04
8.30363313e-03 1.99759632e+04
8.31015235e-03 1.99837547e+04
8.31667187e-03 1.99915376e+04
8.32319170e-03 1.99993118e+04
8.32971182e-03 2.00070773e+04
8.33623226e-03 2.00148342e+04
8.34275299e-03 2.00225824e+04
8.34927403e-03 2.00303220e+04
8.35579537e-03 2.00380529e+04
8.36231701e-03 2.00457751e+04
8.36883895e-03 2.00534887e+04
8.37536120e-03 2.00611937e+04
8.38188375e-03 2.00688901e+04
8.38840659e-03 2.00765778e+04
8.39492975e-03 2.00842569e+04
8.40145320e-03 2.00919274e+04
8.40797695e-03 2.00995893e+04
8.41450100e-03 2.01072426e+04
8.42102536e-03 2.01148872e+04
8.42755001e-03 2.01225233e+04
8.43407497e-03 2.01301508e+04
8.44060023e-03 2.01377696e+04
8.44712578e-03 2.01453799e+04
8.45365164e-03 2.01529817e+04
8.46017780e-03 2.01605748e+04
8.46670426e-03 2.01681594e+04
8.47323101e-03 2.01757354e+04
8.47975807e-03 2.01833028e+04
8.48628543e-03 2.01908617e+04
8.49281308e-03 2.01984120e+04
8.49934104e-03 2.02059538e+04
8.50586929e-03 2.02134871e+04
8.51239785e-03 2.02210118e+04
8.51892670e-03 2.02285279e+04
8.52545585e-03 2.02360355e+04
8.53198530e-03 2.02435347e+04
8.53851505e-03 2.02510252e+04
8.54504510e-03 2.02585073e+04
8.55157544e-03 2.02659809e+04
8.55810608e-03 2.02734459e+04
8.56463703e-03 2.02809025e+04
8.57116827e-03 2.02883505e+04
8.57769980e-03 2.02957901e+04
8.58423164e-03 2.03032211e+04
8.59076377e-03 2.03106437e+04
8.59729620e-03 2.03180578e+04
8.60382893e-03 2.03254634e+04
8.61036196e-03 2.03328606e+04
8.61689528e-03 2.03402493e+04
8.62342890e-03 2.03476295e+04
8.62996282e-03 2.03550013e+04
8.63649703e-03 2.03623646e+04
8.64303154e-03 2.03697195e+04
8.64956635e-03 2.03770659e+04
8.65610145e-03 2.03844039e+04
8.66263685e-03 2.03917334e+04
8.66917255e-03 2.03990546e+04
8.67570854e-03 2.04063672e+04
8.68224483e-03 2.04136715e+04
8.68878142e-03 2.04209674e+04
8.69531830e-03 2.04282548e+04
8.70185547e-03 2.04355339e+04
8.70839295e-03 2.04428045e+04
8.71493072e-03 2.04500667e+04
8.72146878e-03 2.04573206e+04
8.72800714e-03 2.04645660e+04
8.73454580e-03 2.04718031e+04
8.74108475e-03 2.04790318e+04
8.74762399e-03 2.04862521e+04
8.75416353e-03 2.04934640e+04
8.76070337e-03 2.05006676e+04
8.76724350e-03 2.05078628e+04
8.77378393e-03 2.05150496e+04
8.78032465e-03 2.05222281e+04
8.78686567e-03 2.05293983e+04
8.79340698e-03 2.05365601e+04
8.79994858e-03 2.05437136e+04
8.80649048e-03 2.05508587e+04
8.81303268e-03 2.05579955e+04
8.81957517e-03 2.05651240e+04
8.82611795e-03 2.05722441e+04
8.83266103e-03 2.05793559e+04
8.83920440e-03 2.05864595e+04
8.84574806e-03 2.05935547e+04
8.85229202e-03 2.06006416e+04
8.85883628e-03 2.06077202e+04
8.86538083e-03 2.06147905e+04
8.87192567e-03 2.06218525e+04
8.87847080e-03 2.06289062e+04
8.88501623e-03 2.06359517e+04
8.89156195e-03 2.06429889e+04
8.89810797e-03 2.06500178e+04
8.90465428e-03 2.06570384e+04
8.91120088e-03 2.06640508e+04
8.91774778e-03 2.06710549e+04
8.92429497e-03 2.06780507e+04
8.93084245e-03 2.06850383e+04
8.93739022e-03 2.06920177e+04
8.94393829e-03 2.06989888e+04
8.95048665e-03 2.07059517e+04
8.95703531e-03 2.07129063e+04
8.96358426e-03 2.07198527e+04
8.97013350e-03 2.07267909e+04
8.97668303e-03 2.07337209e+04
8.98323286e-03 2.07406427e+04
8.98978298e-03 2.07475562e+04
8.99633339e-03 2.07544616e+04
9.00288409e-03 2.07613587e+04
9.00943509e-03 2.07682476e+04
9.01598638e-03 2.07751284e+04
9.02253796e-03 2.07820010e+04
9.02908983e-03 2.07888653e+04
9.03564200e-03 2.07957215e+04
9.04219446e-03 2.08025696e+04
9.04874721e-03 2.08094094e+04
9.05530025e-03 2.08162411e+04
9.06185359e-03 2.08230646e+04
9.06840721e-03 2.08298800e+04
9.07496113e-03 2.08366872e+04
9.08151534e-03 2.08434863e+04
9.08806985e-03 2.08502772e+04
9.09462464e-03 2.08570600e+04
9.10117973e-03 2.08638346e+04
9.10773511e-03 2.08706011e+04
9.11429078e-03 2.08773595e+04
9.12084674e-03 2.08841098e+04
9.12740300e-03 2.08908519e+04
9.13395954e-03 2.08975859e+04
9.14051638e-03 2.09043119e+04
9.14707351e-03 2.09110297e+04
9.15363093e-03 2.09177394e+04
9.16018864e-03 2.09244410e+04
9.16674665e-03 2.09311346e+04
9.17330494e-03 2.09378200e+04
9.17986353e-03 2.09444974e+04
9.18642241e-03 2.09511667e+04
9.19298158e-03 2.09578279e+04
9.19954104e-03 2.09644810e+04
9.20610080e-03 2.09711261e+04
9.21266084e-03 2.09777631e+04
9.21922118e-03 2.09843920e+04
9.22578180e-03 2.09910130e+04
9.23234272e-03 2.09976258e+04
9.23890393e-03 2.10042306e+04
9.24546543e-03 2.10108274e+04
9.25202723e-03 2.10174161e+04
9.25858931e-03 2.10239969e+04
9.26515168e-03 2.10305695e+04
9.27171435e-03 2.10371342e+04
9.27827731e-03 2.10436908e+04
9.28484055e-03 2.10502395e+04
9.29140409e-03 2.10567801e+04
9.29796792e-03 2.10633127e+04
9.30453205e-03 2.10698373e+04
9.31109646e-03 2.10763540e+04
9.31766116e-03 2.10828626e+04
9.32422616e-03 2.10893632e+04
9.33079144e-03 2.10958559e+04
9.33735702e-03 2.11023406e+04
9.34392289e-03 2.11088173e+04
9.35048905e-03 2.11152860e+04
9.35705550e-03 2.11217468e+04
9.36362224e-03 2.11281996e+04
9.37018927e-03 2.11346445e+04
9.37675659e-03 2.11410814e+04
9.38332421e-03 2.11475103e+04
9.38989211e-03 2.11539314e+04
9.39646031e-03 2.11603444e+04
9.40302879e-03 2.11667496e+04
9.40959757e-03 2.11731468e+04
9.41616664e-03 2.11795361e+04
9.42273600e-03 2.11859174e+04
9.42930565e-03 2.11922909e+04
9.43587559e-03 2.11986564e+04
9.44244583e-03 2.12050140e+04
9.44901635e-03 2.12113637e+04
9.45558717e-03 2.12177056e+04
9.46215827e-03 2.12240395e+04
9.46872967e-03 2.12303655e+04
9.47530136e-03 2.12366836e+04
9.48187334e-03 2.12429939e+04
9.48844561e-03 2.12492963e+04
9.49501817e-03 2.12555908e+04
9.50159102e-03 2.12618774e+04
9.50816416e-03 2.12681562e+04
9.51473760e-03 2.12744271e+04
9.52131132e-03 2.12806901e+04
9.52788534e-03 2.12869453e+04
9.53445964e-03 2.12931927e+04
9.54103424e-03 2.12994322e+04
9.54760913e-03 2.13056638e+04
9.55418431e-03 2.13118876e+04
9.56075978e-03 2.13181036e+04
9.56733555e-03 2.13243118e+04
9.57391160e-03 2.13305121e+04
9.58048795e-03 2.13367046e+04
9.58706458e-03 2.13428894e+04
9.59364151e-03 2.13490663e+04
9.60021873e-03 2.13552353e+04
9.60679624e-03 2.13613966e+04
9.61337404e-03 2.13675501e+04
9.61995214e-03 2.13736958e+04
9.62653052e-03 2.13798337e+04
9.63310920e-03 2.13859638e+04
9.63968816e-03 2.13920862e+04
9.64626742e-03 2.13982007e+04
9.65284697e-03 2.14043075e+04
9.65942682e-03 2.14104065e+04
9.66600695e-03 2.14164978e+04
9.67258737e-03 2.14225813e+04
9.67916809e-03 2.14286570e+04
9.68574910e-03 2.14347250e+04
9.69233040e-03 2.14407853e+04
9.69891199e-03 2.14468378e+04
9.70549387e-03 2.14528825e+04
9.71207604e-03 2.14589196e+04
9.71865851e-03 2.14649489e+04
9.72524127e-03 2.14709704e+04
9.73182432e-03 2.14769843e+04
9.73840766e-03 2.14829904e+04
9.74499129e-03 2.14889888e+04
9.75157522e-03 2.14949796e+04
9.75815944e-03 2.15009626e+04
9.76474395e-03 2.15069379e+04
9.77132875e-03 2.15129055e+04
9.77791384e-03 2.15188654e+04
9.78449923e-03 2.15248176e+04
9.79108490e-03 2.15307622e+04
9.79767087e-03 2.15366990e+04
9.80425714e-03 2.15426282e+04
9.81084369e-03 2.15485498e+04
9.81743054e-03 2.15544636e+04
9.82401768e-03 2.15603698e+04
9.83060511e-03 2.15662683e+04
9.83719283e-03 2.15721592e+04
9.84378085e-03 2.15780425e+04
9.85036916e-03 2.15839180e+04
9.85695776e-03 2.15897860e+04
9.86354665e-03 2.15956463e+04
9.87013584e-03 2.16014989e+04
9.87672532e-03 2.16073440e+04
9.88331509e-03 2.16131814e+04
9.88990516e-03 2.16190112e+04
9.89649552e-03 2.16248334e+04
9.90308617e-03 2.16306479e+04
9.90967711e-03 2.16364549e+04
9.91626835e-03 2.16422542e+04
9.92285988e-03 2.16480460e+04
9.92945170e-03 2.16538301e+04
9.93604382e-03 2.16596067e+04
9.94263623e-03 2.16653757e+04
9.94922893e-03 2.16711371e+04
9.95582193e-03 2.16768909e+04
9.96241522e-03 2.16826371e+04
9.96900880e-03 2.16883758e+04
9.97560268e-03 2.16941069e+04
9.98219685e-03 2.16998305e+04
9.98879132e-03 2.17055464e+04
9.99538608e-03 2.17112549e+04
1.00019811e-02 2.17169557e+04
1.00085765e-02 2.17226491e+04
1.00151721e-02 2.17283348e+04
1.00217680e-02 2.17340131e+04
1.00283643e-02 2.17396838e+04
1.00349608e-02 2.17453470e+04
1.00415576e-02 2.17510027e+04
1.00481547e-02 2.17566508e+04
1.00547521e-02 2.17622914e+04
1.00613498e-02 2.17679245e+04
1.00679478e-02 2.17735501e+04
1.00745461e-02 2.17791682e+04
1.00811447e-02 2.17847788e+04
1.00877436e-02 2.17903819e+04
1.00943427e-02 2.17959776e+04
1.01009422e-02 2.18015657e+04
1.01075420e-02 2.18071463e+04
1.01141420e-02 2.18127195e+04
1.01207424e-02 2.18182851e+04
1.01273430e-02 2.18238433e+04
1.01339440e-02 2.18293941e+04
1.01405452e-02 2.18349374e+04
1.01471467e-02 2.18404732e+04
1.01537486e-02 2.18460015e+04
1.01603507e-02 2.18515224e+04
1.01669531e-02 2.18570359e+04
1.01735558e-02 2.18625419e+04
1.01801588e-02 2.18680405e+04
1.01867621e-02 2.18735316e+04
1.01933657e-02 2.18790154e+04
1.01999696e-02 2.18844916e+04
1.02065738e-02 2.18899605e+04
1.02131783e-02 2.18954220e+04
1.02197831e-02 2.19008760e+04
1.02263882e-02 2.19063226e+04
1.02329936e-02 2.19117618e+04
1.02395992e-02 2.19171936e+04
1.02462052e-02 2.19226180e+04
1.02528115e-02 2.19280351e+04
1.02594181e-02 2.19334447e+04
1.02660249e-02 2.19388469e+04
1.02726321e-02 2.19442418e+04
1.02792395e-02 2.19496293e+04
1.02858473e-02 2.19550094e+04
1.02924553e-02 2.19603821e+04
1.02990637e-02 2.19657475e+04
1.03056723e-02 2.19711055e+04
1.03122813e-02 2.19764561e+04
1.03188905e-02 2.19817994e+04
1.03255000e-02 2.19871354e+04
1.03321099e-02 2.19924640e+04
1.03387200e-02 2.19977852e+04
1.03453304e-02 2.20030992e+04
1.03519412e-02 2.20084058e+04
1.03585522e-02 2.20137050e+04
1.03651635e-02 2.20189969e+04
1.03717752e-02 2.20242816e+04
1.03783871e-02 2.20295589e+04
1.03849993e-02 2.20348288e+04
1.03916118e-02 2.20400915e+04
1.03982246e-02 2.20453469e+04
1.04048377e-02 2.20505949e+04
1.04114512e-02 2.20558357e+04
1.04180649e-02 2.20610692e+04
1.04246789e-02 2.20662953e+04
1.04312932e-02 2.20715142e+04
1.04379078e-02 2.20767259e+04
1.04445227e-02 2.20819302e+04
1.04511379e-02 2.20871273e+04
1.04577534e-02 2.20923170e+04
1.04643693e-02 2.20974996e+04
1.04709854e-02 2.21026748e+04
1.04776018e-02 2.21078429e+04
1.04842185e-02 2.21130036e+04
1.04908355e-02 2.21181571e+04
1.04974528e-02 2.21233034e+04
1.05040704e-02 2.21284424e+04
1.05106883e-02 2.21335742e+04
1.05173065e-02 2.21386987e+04
1.05239251e-02 2.21438160e+04
1.05305439e-02 2.21489261e+04
1.05371630e-02 2.21540290e+04
1.05437824e-02 2.21591246e+04
1.05504021e-02 2.21642131e+04
1.05570221e-02 2.21692943e+04
1.05636424e-02 2.21743683e+04
1.05702631e-02 2.21794351e+04
1.05768840e-02 2.21844948e+04
1.05835052e-02 2.21895472e+04
1.05901267e-02 2.21945924e+04
1.05967486e-02 2.21996305e+04
1.06033707e-02 2.22046613e+04
1.06099931e-02 2.22096850e+04
1.06166159e-02 2.22147015e+04
1.06232389e-02 2.22197109e+04
1.06298622e-02 2.22247131e+04
1.06364859e-02 2.22297081e+04
1.06431098e-02 2.22346959e+04
1.06497341e-02 2.22396766e+04
1.06563586e-02 2.22446502e+04
1.06629835e-02 2.22496166e+04
1.06696086e-02 2.22545758e+04
1.06762341e-02 2.22595279e+04
1.06828598e-02 2.22644729e+04
1.06894859e-02 2.22694108e+04
1.06961123e-02 2.22743415e+04
1.07027390e-02 2.22792651e+04
1.07093659e-02 2.22841816e+04
1.07159932e-02 2.22890909e+04
1.07226208e-02 2.22939932e+04
1.07292487e-02 2.22988883e+04
1.07358769e-02 2.23037764e+04
1.07425054e-02 2.23086573e+04
1.07491342e-02 2.23135312e+04
1.07557633e-02 2.23183979e+04
1.07623927e-02 2.23232576e+04
1.07690225e-02 2.23281102e+04
1.07756525e-02 2.23329557e+04
1.07822828e-02 2.23377941e+04
1.07889134e-02 2.23426254e+04
1.07955444e-02 2.23474497e+04
1.08021756e-02 2.23522669e+04
1.08088072e-02 2.23570771e+04
1.08154391e-02 2.23618802e+04
1.08220712e-02 2.23666762e+04
1.08287037e-02 2.23714652e+04
1.08353365e-02 2.23762471e+04
1.08419696e-02 2.23810220e+04
1.08486030e-02 2.23857899e+04
1.08552367e-02 2.23905507e+04
1.08618707e-02 2.23953045e+04
1.08685050e-02 2.24000513e+04
1.08751396e-02 2.24047910e+04
1.08817745e-02 2.24095238e+04
1.08884098e-02 2.24142495e+04
1.08950453e-02 2.24189682e+04
1.09016812e-02 2.24236799e+04
1.09083173e-02 2.24283845e+04
1.09149538e-02 2.24330822e+04
1.09215906e-02 2.24377729e+04
1.09282277e-02 2.24424566e+04
1.09348651e-02 2.24471333e+04
1.09415028e-02 2.24518031e+04
1.09481408e-02 2.24564658e+04
1.09547791e-02 2.24611216e+04
1.09614177e-02 2.24657704e+04
1.09680567e-02 2.24704122e+04
1.09746959e-02 2.24750471e+04
1.09813355e-02 2.24796750e+04
1.09879754e-02 2.24842959e+04
1.09946155e-02 2.24889099e+04
1.10012560e-02 2.24935169e+04
1.10078968e-02 2.24981170e+04
1.10145380e-02 2.25027102e+04
1.10211794e-02 2.25072964e+04
1.10278211e-02 2.25118756e+04
1.10344632e-02 2.25164480e+04
1.10411055e-02 2.25210134e+04
1.10477482e-02 2.25255719e+04
1.10543912e-02 2.25301235e+04
1.10610344e-02 2.25346681e+04
1.10676780e-02 2.25392059e+04
1.10743220e-02 2.25437367e+04
1.10809662e-02 2.25482606e+04
1.10876107e-02 2.25527777e+04
1.10942556e-02 2.25572878e+04
1.11009007e-02 2.25617910e+04
1.11075462e-02 2.25662873e+04
1.11141920e-02 2.25707768e+04
1.11208381e-02 2.25752594e+04
1.11274845e-02 2.25797351e+04
1.11341312e-02 2.25842039e+04
1.11407783e-02 2.25886659e+04
1.11474256e-02 2.25931209e+04
1.11540733e-02 2.25975691e+04
1.11607213e-02 2.26020105e+04
1.11673696e-02 2.26064450e+04
1.11740182e-02 2.26108727e+04
1.11806671e-02 2.26152935e+04
1.11873164e-02 2.26197074e+04
1.11939659e-02 2.26241146e+04
1.12006158e-02 2.26285148e+04
1.12072660e-02 2.26329083e+04
1.12139165e-02 2.26372949e+04
1.12205673e-02 2.26416747e+04
1.12272184e-02 2.26460476e+04
1.12338699e-02 2.26504138e+04
1.12405216e-02 2.26547731e+04
1.12471737e-02 2.26591256e+04
1.12538261e-02 2.26634714e+04
1.12604788e-02 2.26678103e+04
1.12671319e-02 2.26721424e+04
1.12737852e-02 2.26764677e+04
1.12804389e-02 2.26807862e+04
1.12870929e-02 2.26850979e+04
1.12937472e-02 2.26894029e+04
1.13004018e-02 2.26937010e+04
1.13070567e-02 2.26979924e+04
1.13137120e-02 2.27022770e+04
1.13203675e-02 2.27065549e+04
1.13270234e-02 2.27108260e+04
1.13336796e-02 2.27150903e+04
1.13403362e-02 2.27193478e+04
1.13469930e-02 2.27235986e+04
1.13536502e-02 2.27278427e+04
1.13603076e-02 2.27320800e+04
1.13669655e-02 2.27363105e+04
1.13736236e-02 2.27405343e+04
1.13802820e-02 2.27447514e+04
1.13869408e-02 2.27489617e+04
1.13935999e-02 2.27531654e+04
1.14002593e-02 2.27573622e+04
1.14069190e-02 2.27615524e+04
1.14135790e-02 2.27657358e+04
1.14202394e-02 2.27699125e+04
1.14269001e-02 2.27740826e+04
1.14335611e-02 2.27782459e+04
1.14402224e-02 2.27824025e+04
1.14468841e-02 2.27865524e+04
1.14535460e-02 2.27906956e+04
1.14602083e-02 2.27948321e+04
1.14668710e-02 2.27989619e+04
1.14735339e-02 2.28030851e+04
1.14801972e-02 2.28072015e+04
1.14868607e-02 2.28113113e+04
1.14935246e-02 2.28154144e+04
1.15001889e-02 2.28195108e+04
1.15068534e-02 2.28236005e+04
1.15135183e-02 2.28276836e+04
1.15201835e-02 2.28317601e+04
1.15268490e-02 2.28358299e+04
1.15335149e-02 2.28398930e+04
1.15401811e-02 2.28439494e+04
1.15468476e-02 2.28479993e+04
1.15535144e-02 2.28520425e+04
1.15601815e-02 2.28560790e+04
1.15668490e-02 2.28601089e+04
1.15735168e-02 2.28641322e+04
1.15801849e-02 2.28681489e+04
1.15868534e-02 2.28721589e+04
1.15935222e-02 2.28761623e+04
1.16001913e-02 2.28801591e+04
1.16068607e-02 2.28841493e+04
1.16135304e-02 2.28881328e+04
1.16202005e-02 2.28921098e+04
1.16268709e-02 2.28960801e+04
1.16335417e-02 2.29000439e+04
1.16402127e-02 2.29040011e+04
1.16468841e-02 2.29079516e+04
1.16535559e-02 2.29118956e+04
1.16602279e-02 2.29158330e+04
1.16669003e-02 2.29197638e+04
1.16735730e-02 2.29236881e+04
1.16802460e-02 2.29276057e+04
1.16869194e-02 2.29315168e+04
1.16935931e-02 2.29354214e+04
1.17002671e-02 2.29393193e+04
1.17069414e-02 2.29432107e+04
1.17136161e-02 2.29470956e+04
1.17202911e-02 2.29509739e+04
1.17269665e-02 2.29548456e+04
1.17336421e-02 2.29587108e+04
1.17403181e-02 2.29625695e+04
1.17469945e-02 2.29664216e+04
1.17536711e-02 2.29702672e+04
1.17603481e-02 2.29741063e+04
1.17670254e-02 2.29779388e+04
1.17737031e-02 2.29817648e+04
1.17803811e-02 2.29855843e+04
1.17870594e-02 2.29893973e+04
1.17937381e-02 2.29932037e+04
1.18004170e-02 2.29970037e+04
1.18070964e-02 2.30007971e+04
1.18137760e-02 2.30045841e+04
1.18204560e-02 2.30083645e+04
1.18271363e-02 2.30121385e+04
1.18338170e-02 2.30159059e+04
1.18404979e-02 2.30196669e+04
1.18471793e-02 2.30234214e+04
1.18538609e-02 2.30271694e+04
1.18605429e-02 2.30309109e+04
1.18672252e-02 2.30346460e+04
1.18739079e-02 2.30383745e+04
1.18805909e-02 2.30420966e+04
1.18872742e-02 2.30458123e+04
1.18939579e-02 2.30495215e+04
1.19006419e-02 2.30532242e+04
1.19073262e-02 2.30569205e+04
1.19140109e-02 2.30606103e+04
1.19206959e-02 2.30642937e+04
1.19273812e-02 2.30679706e+04
1.19340669e-02 2.30716412e+04
1.19407529e-02 2.30753052e+04
1.19474393e-02 2.30789628e+04
1.19541260e-02 2.30826141e+04
1.19608130e-02 2.30862588e+04
1.19675004e-02 2.30898972e+04
1.19741881e-02 2.30935292e+04
1.19808761e-02 2.30971547e+04
1.19875645e-02 2.31007738e+04
1.19942532e-02 2.31043865e+04
1.20009423e-02 2.31079928e+04
1.20076317e-02 2.31115927e+04
1.20143214e-02 2.31151862e+04
1.20210115e-02 2.31187734e+04
1.20277019e-02 2.31223541e+04
1.20343927e-02 2.31259284e+04
1.20410838e-02 2.31294964e+04
1.20477752e-02 2.31330580e+04
1.20544670e-02 2.31366132e+04
1.20611591e-02 2.31401620e+04
1.20678516e-02 2.31437045e+04
1.20745444e-02 2.31472406e+04
1.20812376e-02 2.31507703e+04
1.20879311e-02 2.31542937e+04
1.20946249e-02 2.31578107e+04
1.21013191e-02 2.31613214e+04
1.21080136e-02 2.31648257e+04
1.21147085e-02 2.31683237e+04
1.21214037e-02 2.31718153e+04
1.21280992e-02 2.31753006e+04
1.21347951e-02 2.31787796e+04
1.21414914e-02 2.31822522e+04
1.21481880e-02 2.31857185e+04
1.21548849e-02 2.31891785e+04
1.21615822e-02 2.31926322e+04
1.21682798e-02 2.31960795e+04
1.21749778e-02 2.31995205e+04
1.21816761e-02 2.32029553e+04
1.21883747e-02 2.32063837e+04
1.21950737e-02 2.32098058e+04
1.22017731e-02 2.32132216e+04
1.22084728e-02 2.32166311e+04
1.22151728e-02 2.32200343e+04
1.22218732e-02 2.32234313e+04
1.22285740e-02 2.32268219e+04
1.22352751e-02 2.32302063e+04
1.22419765e-02 2.32335844e+04
1.22486783e-02 2.32369562e+04
1.22553804e-02 2.32403217e+04
1.22620829e-02 2.32436810e+04
1.22687857e-02 2.32470340e+04
1.22754889e-02 2.32503807e+04
1.22821924e-02 2.32537212e+04
1.22888963e-02 2.32570555e+04
1.22956006e-02 2.32603834e+04
1.23023051e-02 2.32637052e+04
1.23090101e-02 2.32670206e+04
1.23157153e-02 2.32703299e+04
1.23224210e-02 2.32736329e+04
1.23291270e-02 2.32769297e+04
1.23358333e-02 2.32802202e+04
1.23425400e-02 2.32835045e+04
1.23492470e-02 2.32867826e+04
1.23559544e-02 2.32900544e+04
1.23626622e-02 2.32933201e+04
1.23693703e-02 2.32965795e+04
1.23760787e-02 2.32998327e+04
1.23827875e-02 2.33030797e+04
1.23894967e-02 2.33063206e+04
1.23962062e-02 2.33095552e+04
1.24029161e-02 2.33127836e+04
1.24096263e-02 2.33160058e+04
1.24163369e-02 2.33192218e+04
1.24230478e-02 2.33224317e+04
1.24297591e-02 2.33256353e+04
1.24364707e-02 2.33288328e+04
1.24431827e-02 2.33320241e+04
1.24498951e-02 2.33352092e+04
1.24566078e-02 2.33383881e+04
1.24633208e-02 2.33415609e+04
1.24700343e-02 2.33447275e+04
1.24767481e-02 2.33478880e+04
1.24834622e-02 2.33510423e+04
1.24901767e-02 2.33541904e+04
1.24968915e-02 2.33573324e+04
1.25036068e-02 2.33604683e+04
1.25103223e-02 2.33635980e+04
1.25170383e-02 2.33667215e+04
1.25237545e-02 2.33698390e+04
1.25304712e-02 2.33729503e+04
1.25371882e-02 2.33760554e+04
1.25439056e-02 2.33791545e+04
1.25506233e-02 2.33822474e+04
1.25573414e-02 2.33853341e+04
1.25640598e-02 2.33884148e+04
1.25707787e-02 2.33914894e+04
1.25774978e-02 2.33945578e+04
1.25842174e-02 2.33976202e+04
1.25909373e-02 2.34006764e+04
1.25976575e-02 2.34037266e+04
1.26043781e-02 2.34067706e+04
1.26110991e-02 2.34098085e+04
1.26178205e-02 2.34128404e+04
1.26245422e-02 2.34158662e+04
1.26312643e-02 2.34188859e+04
1.26379867e-02 2.34218995e+04
1.26447095e-02 2.34249070e+04
1.26514327e-02 2.34279084e+04
1.26581562e-02 2.34309038e+04
1.26648801e-02 2.34338931e+04
1.26716044e-02 2.34368764e+04
1.26783290e-02 2.34398536e+04
1.26850540e-02 2.34428247e+04
1.26917794e-02 2.34457898e+04
1.26985051e-02 2.34487488e+04
1.27052312e-02 2.34517018e+04
1.27119576e-02 2.34546487e+04
1.27186845e-02 2.34575896e+04
1.27254117e-02 2.34605244e+04
1.27321392e-02 2.34634533e+04
1.27388672e-02 2.34663760e+04
1.27455955e-02 2.34692928e+04
1.27523241e-02 2.34722035e+04
1.27590532e-02 2.34751082e+04
1.27657826e-02 2.34780069e+04
1.27725124e-02 2.34808996e+04
1.27792425e-02 2.34837863e+04
1.27859730e-02 2.34866669e+04
1.27927039e-02 2.34895416e+04
1.27994352e-02 2.34924102e+04
1.28061668e-02 2.34952729e+04
1.28128988e-02 2.34981296e+04
1.28196312e-02 2.35009802e+04
1.28263639e-02 2.35038249e+04
1.28330970e-02 2.35066636e+04
1.28398305e-02 2.35094963e+04
1.28465644e-02 2.35123230e+04
1.28532986e-02 2.35151438e+04
1.28600333e-02 2.35179585e+04
1.28667682e-02 2.35207674e+04
1.28735036e-02 2.35235702e+04
1.28802393e-02 2.35263671e+04
1.28869755e-02 2.35291580e+04
1.28937119e-02 2.35319429e+04
1.29004488e-02 2.35347220e+04
1.29071860e-02 2.35374950e+04
1.29139237e-02 2.35402621e+04
1.29206616e-02 2.35430233e+04
1.29274000e-02 2.35457785e+04
1.29341387e-02 2.35485278e+04
1.29408779e-02 2.35512712e+04
1.29476174e-02 2.35540086e+04
1.29543572e-02 2.35567401e+04
1.29610975e-02 2.35594657e+04
1.29678381e-02 2.35621853e+04
1.29745791e-02 2.35648991e+04
1.29813205e-02 2.35676069e+04
1.29880623e-02 2.35703088e+04
1.29948045e-02 2.35730048e+04
1.30015470e-02 2.35756949e+04
1.30082899e-02 2.35783790e+04
1.30150332e-02 2.35810573e+04
1.30217769e-02 2.35837297e+04
1.30285209e-02 2.35863962e+04
1.30352654e-02 2.35890569e+04
1.30420102e-02 2.35917116e+04
1.30487554e-02 2.35943604e+04
1.30555010e-02 2.35970034e+04
1.30622469e-02 2.35996405e+04
1.30689933e-02 2.36022717e+04
1.30757400e-02 2.36048970e+04
1.30824871e-02 2.36075165e+04
1.30892346e-02 2.36101301e+04
1.30959825e-02 2.36127379e+04
1.31027308e-02 2.36153398e+04
1.31094795e-02 2.36179358e+04
1.31162285e-02 2.36205260e+04
1.31229779e-02 2.36231104e+04
1.31297277e-02 2.36256888e+04
1.31364779e-02 2.36282615e+04
1.31432285e-02 2.36308283e+04
1.31499795e-02 2.36333893e+04
1.31567309e-02 2.36359444e+04
1.31634826e-02 2.36384938e+04
1.31702348e-02 2.36410373e+04
1.31769873e-02 2.36435749e+04
1.31837402e-02 2.36461068e+04
1.31904935e-02 2.36486328e+04
1.31972472e-02 2.36511531e+04
1.32040013e-02 2.36536675e+04
1.32107558e-02 2.36561761e+04
1.32175106e-02 2.36586789e+04
1.32242659e-02 2.36611758e+04
1.32310215e-02 2.36636671e+04
1.32377776e-02 2.36661525e+04
1.32445340e-02 2.36686321e+04
1.32512908e-02 2.36711059e+04
1.32580481e-02 2.36735740e+04
1.32648057e-02 2.36760362e+04
1.32715637e-02 2.36784927e+04
1.32783221e-02 2.36809434e+04
1.32850809e-02 2.36833884e+04
1.32918400e-02 2.36858275e+04
1.32985996e-02 2.36882609e+04
1.33053596e-02 2.36906885e+04
1.33121200e-02 2.36931104e+04
1.33188807e-02 2.36955265e+04
1.33256419e-02 2.36979369e+04
1.33324035e-02 2.37003415e+04
1.33391654e-02 2.37027404e+04
1.33459278e-02 2.37051335e+04
1.33526905e-02 2.37075209e+04
1.33594537e-02 2.37099025e+04
1.33662172e-02 2.37122784e+04
1.33729811e-02 2.37146486e+04
1.33797455e-02 2.37170130e+04
1.33865102e-02 2.37193718e+04
1.33932754e-02 2.37217247e+04
1.34000409e-02 2.37240720e+04
1.34068069e-02 2.37264136e+04
1.34135732e-02 2.37287494e+04
1.34203399e-02 2.37310796e+04
1.34271071e-02 2.37334040e+04
1.34338746e-02 2.37357227e+04
1.34406426e-02 2.37380357e+04
1.34474109e-02 2.37403431e+04
1.34541797e-02 2.37426447e+04
1.34609488e-02 2.37449406e+04
1.34677184e-02 2.37472309e+04
1.34744883e-02 2.37495154e+04
1.34812587e-02 2.37517943e+04
1.34880295e-02 2.37540675e+04
1.34948007e-02 2.37563350e+04
1.35015722e-02 2.37585969e+04
1.35083442e-02 2.37608531e+04
1.35151166e-02 2.37631036e+04
1.35218894e-02 2.37653484e+04
1.35286626e-02 2.37675876e+04
1.35354362e-02 2.37698211e+04
1.35422102e-02 2.37720490e+04
1.35489847e-02 2.37742712e+04
1.35557595e-02 2.37764878e+04
1.35625347e-02 2.37786987e+04
1.35693104e-02 2.37809040e+04
1.35760865e-02 2.37831036e+04
1.35828629e-02 2.37852976e+04
1.35896398e-02 2.37874860e+04
1.35964171e-02 2.37896688e+04
1.36031948e-02 2.37918458e+04
1.36099729e-02 2.37940173e+04
1.36167514e-02 2.37961832e+04
1.36235304e-02 2.37983435e+04
1.36303097e-02 2.38004981e+04
1.36370895e-02 2.38026471e+04
1.36438696e-02 2.38047905e+04
1.36506502e-02 2.38069283e+04
1.36574312e-02 2.38090605e+04
1.36642126e-02 2.38111871e+04
1.36709945e-02 2.38133081e+04
1.36777767e-02 2.38154235e+04
1.36845594e-02 2.38175333e+04
1.36913424e-02 2.38196376e+04
1.36981259e-02 2.38217362e+04
1.37049098e-02 2.38238292e+04
1.37116941e-02 2.38259167e+04
1.37184789e-02 2.38279986e+04
1.37252640e-02 2.38300750e+04
1.37320496e-02 2.38321457e+04
1.37388356e-02 2.38342109e+04
1.37456220e-02 2.38362706e+04
1.37524088e-02 2.38383246e+04
1.37591961e-02 2.38403731e+04
1.37659837e-02 2.38424161e+04
1.37727718e-02 2.38444535e+04
1.37795603e-02 2.38464853e+04
1.37863492e-02 2.38485116e+04
1.37931386e-02 2.38505324e+04
1.37999284e-02 2.38525476e+04
1.38067185e-02 2.38545573e+04
1.38135092e-02 2.38565615e+04
1.38203002e-02 2.38585601e+04
1.38270917e-02 2.38605532e+04
1.38338835e-02 2.38625408e+04
1.38406758e-02 2.38645228e+04
1.38474686e-02 2.38664993e+04
1.38542617e-02 2.38684703e+04
1.38610553e-02 2.38704358e+04
1.38678493e-02 2.38723958e+04
1.38746437e-02 2.38743503e+04
1.38814386e-02 2.38762992e+04
1.38882339e-02 2.38782427e+04
1.38950296e-02 2.38801807e+04
1.39018257e-02 2.38821132e+04
1.39086223e-02 2.38840402e+04
1.39154193e-02 2.38859617e+04
1.39222167e-02 2.38878777e+04
1.39290146e-02 2.38897882e+04
1.39358128e-02 2.38916932e+04
1.39426115e-02 2.38935928e+04
1.39494107e-02 2.38954869e+04
1.39562102e-02 2.38973755e+04
1.39630103e-02 2.38992586e+04
1.39698107e-02 2.39011363e+04
1.39766115e-02 2.39030086e+04
1.39834128e-02 2.39048753e+04
1.39902146e-02 2.39067366e+04
1.39970167e-02 2.39085925e+04
1.40038193e-02 2.39104429e+04
1.40106224e-02 2.39122878e+04
1.40174258e-02 2.39141273e+04
1.40242297e-02 2.39159614e+04
1.40310340e-02 2.39177900e+04
1.40378388e-02 2.39196132e+04
1.40446440e-02 2.39214310e+04
1.40514497e-02 2.39232433e+04
1.40582557e-02 2.39250502e+04
1.40650622e-02 2.39268516e+04
1.40718692e-02 2.39286477e+04
1.40786766e-02 2.39304383e+04
1.40854844e-02 2.39322236e+04
1.40922927e-02 2.39340034e+04
1.40991014e-02 2.39357777e+04
1.41059105e-02 2.39375467e+04
1.41127201e-02 2.39393103e+04
1.41195301e-02 2.39410685e+04
1.41263406e-02 2.39428213e+04
1.41331515e-02 2.39445686e+04
1.41399628e-02 2.39463106e+04
1.41467746e-02 2.39480472e+04
1.41535868e-02 2.39497784e+04
1.41603995e-02 2.39515042e+04
1.41672126e-02 2.39532247e+04
1.41740262e-02 2.39549398e+04
1.41808402e-02 2.39566495e+04
1.41876547e-02 2.39583538e+04
1.41944695e-02 2.39600527e+04
1.42012849e-02 2.39617463e+04
1.42081007e-02 2.39634346e+04
1.42149169e-02 2.39651174e+04
1.42217336e-02 2.39667949e+04
1.42285507e-02 2.39684671e+04
1.42353683e-02 2.39701339e+04
1.42421863e-02 2.39717953e+04
1.42490048e-02 2.39734514e+04
1.42558237e-02 2.39751022e+04
1.42626430e-02 2.39767476e+04
1.42694628e-02 2.39783877e+04
1.42762831e-02 2.39800224e+04
1.42831038e-02 2.39816518e+04
1.42899250e-02 2.39832759e+04
1.42967466e-02 2.39848946e+04
1.43035687e-02 2.39865081e+04
1.43103912e-02 2.39881162e+04
1.43172142e-02 2.39897190e+04
1.43240376e-02 2.39913165e+04
1.43308615e-02 2.39929086e+04
1.43376858e-02 2.39944955e+04
1.43445106e-02 2.39960770e+04
1.43513358e-02 2.39976533e+04
1.43581615e-02 2.39992242e+04
1.43649877e-02 2.40007899e+04
1.43718143e-02 2.40023503e+04
1.43786414e-02 2.40039053e+04
1.43854689e-02 2.40054551e+04
1.43922969e-02 2.40069996e+04
1.43991253e-02 2.40085388e+04
1.44059542e-02 2.40100727e+04
1.44127836e-02 2.40116013e+04
1.44196134e-02 2.40131247e+04
1.44264436e-02 2.40146428e+04
1.44332744e-02 2.40161556e+04
1.44401056e-02 2.40176632e+04
1.44469372e-02 2.40191655e+04
1.44537693e-02 2.40206625e+04
1.44606019e-02 2.40221543e+04
1.44674350e-02 2.40236408e+04
1.44742685e-02 2.40251221e+04
1.44811024e-02 2.40265981e+04
1.44879369e-02 2.40280689e+04
1.44947717e-02 2.40295344e+04
1.45016071e-02 2.40309947e+04
1.45084429e-02 2.40324498e+04
1.45152792e-02 2.40338996e+04
1.45221160e-02 2.40353442e+04
1.45289532e-02 2.40367836e+04
1.45357909e-02 2.40382177e+04
1.45426290e-02 2.40396466e+04
1.45494677e-02 2.40410703e+04
1.45563067e-02 2.40424887e+04
1.45631463e-02 2.40439020e+04
1.45699863e-02 2.40453100e+04
1.45768268e-02 2.40467128e+04
1.45836678e-02 2.40481105e+04
1.45905092e-02 2.40495029e+04
1.45973511e-02 2.40508901e+04
1.46041935e-02 2.40522721e+04
1.46110364e-02 2.40536489e+04
1.46178797e-02 2.40550206e+04
1.46247235e-02 2.40563870e+04
1.46315678e-02 2.40577482e+04
1.46384125e-02 2.40591043e+04
1.46452577e-02 2.40604551e+04
1.46521034e-02 2.40618008e+04
1.46589496e-02 2.40631414e+04
1.46657962e-02 2.40644767e+04
1.46726433e-02 2.40658069e+04
1.46794909e-02 2.40671319e+04
1.46863390e-02 2.40684517e+04
1.46931876e-02 2.40697664e+04
1.47000366e-02 2.40710759e+04
1.47068861e-02 2.40723803e+04
1.47137361e-02 2.40736795e+04
1.47205865e-02 2.40749735e+04
1.47274375e-02 2.40762625e+04
1.47342889e-02 2.40775462e+04
1.47411408e-02 2.40788248e+04
1.47479932e-02 2.40800983e+04
1.47548461e-02 2.40813667e+04
1.47616994e-02 2.40826299e+04
1.47685532e-02 2.40838879e+04
1.47754076e-02 2.40851409e+04
1.47822624e-02 2.40863887e+04
1.47891176e-02 2.40876313e+04
1.47959734e-02 2.40888689e+04
1.48028297e-02 2.40901014e+04
1.48096864e-02 2.40913287e+04
1.48165436e-02 2.40925509e+04
1.48234013e-02 2.40937680e+04
1.48302595e-02 2.40949800e+04
1.48371182e-02 2.40961869e+04
1.48439774e-02 2.40973887e+04
1.48508370e-02 2.40985854e+04
1.48576972e-02 2.40997770e+04
1.48645578e-02 2.41009635e+04
1.48714190e-02 2.41021449e+04
1.48782806e-02 2.41033213e+04
1.48851427e-02 2.41044924e+04
1.48920053e-02 2.41056586e+04
1.48988684e-02 2.41068197e+04
1.49057320e-02 2.41079757e+04
1.49125961e-02 2.41091266e+04
1.49194606e-02 2.41102724e+04
1.49263257e-02 2.41114132e+04
1.49331913e-02 2.41125489e+04
1.49400573e-02 2.41136796e+04
1.49469239e-02 2.41148052e+04
1.49537909e-02 2.41159257e+04
1.49606585e-02 2.41170411e+04
1.49675265e-02 2.41181515e+04
1.49743950e-02 2.41192569e+04
1.49812641e-02 2.41203572e+04
1.49881336e-02 2.41214525e+04
1.49950036e-02 2.41225427e+04
1.50018742e-02 2.41236279e+04
1.50087452e-02 2.41247081e+04
1.50156167e-02 2.41257832e+04
1.50224887e-02 2.41268532e+04
1.50293613e-02 2.41279183e+04
1.50362343e-02 2.41289783e+04
1.50431079e-02 2.41300333e+04
1.50499819e-02 2.41310833e+04
1.50568564e-02 2.41321283e+04
1.50637315e-02 2.41331682e+04
1.50706070e-02 2.41342032e+04
1.50774831e-02 2.41352331e+04
1.50843597e-02 2.41362580e+04
1.50912367e-02 2.41372779e+04
1.50981143e-02 2.41382928e+04
1.51049924e-02 2.41393028e+04
1.51118710e-02 2.41403077e+04
1.51187501e-02 2.41413076e+04
1.51256297e-02 2.41423025e+04
1.51325098e-02 2.41432924e+04
1.51393904e-02 2.41442774e+04
1.51462715e-02 2.41452573e+04
1.51531532e-02 2.41462323e+04
1.51600353e-02 2.41472023e+04
1.51669180e-02 2.41481674e+04
1.51738012e-02 2.41491274e+04
1.51806849e-02 2.41500825e+04
1.51875691e-02 2.41510327e+04
1.51944538e-02 2.41519778e+04
1.52013390e-02 2.41529180e+04
1.52082248e-02 2.41538532e+04
1.52151110e-02 2.41547835e+04
1.52219978e-02 2.41557088e+04
1.52288851e-02 2.41566292e+04
1.52357729e-02 2.41575446e+04
1.52426613e-02 2.41584551e+04
1.52495501e-02 2.41593606e+04
1.52564395e-02 2.41602612e+04
1.52633294e-02 2.41611569e+04
1.52702198e-02 2.41620476e+04
1.52771107e-02 2.41629333e+04
1.52840021e-02 2.41638142e+04
1.52908941e-02 2.41646901e+04
1.52977866e-02 2.41655611e+04
1.53046796e-02 2.41664272e+04
1.53115731e-02 2.41672884e+04
1.53184672e-02 2.41681446e+04
1.53253618e-02 2.41689959e+04
1.53322569e-02 2.41698423e+04
1.53391525e-02 2.41706838e+04
1.53460486e-02 2.41715204e+04
1.53529453e-02 2.41723521e+04
1.53598425e-02 2.41731789e+04
1.53667403e-02 2.41740007e+04
1.53736385e-02 2.41748177e+04
1.53805373e-02 2.41756298e+04
1.53874366e-02 2.41764370e+04
1.53943365e-02 2.41772394e+04
1.54012369e-02 2.41780368e+04
1.54081378e-02 2.41788293e+04
1.54150392e-02 2.41796170e+04
1.54219412e-02 2.41803998e+04
1.54288437e-02 2.41811777e+04
1.54357467e-02 2.41819507e+04
1.54426503e-02 2.41827189e+04
1.54495544e-02 2.41834822e+04
1.54564590e-02 2.41842406e+04
1.54633642e-02 2.41849942e+04
1.54702699e-02 2.41857429e+04
1.54771761e-02 2.41864867e+04
1.54840829e-02 2.41872257e+04
1.54909902e-02 2.41879599e+04
1.54978981e-02 2.41886892e+04
1.55048064e-02 2.41894136e+04
1.55117154e-02 2.41901332e+04
1.55186248e-02 2.41908480e+04
1.55255349e-02 2.41915579e+04
1.55324454e-02 2.41922630e+04
1.55393565e-02 2.41929632e+04
1.55462681e-02 2.41936586e+04
1.55531803e-02 2.41943492e+04
1.55600930e-02 2.41950350e+04
1.55670063e-02 2.41957159e+04
1.55739201e-02 2.41963921e+04
1.55808344e-02 2.41970633e+04
1.55877493e-02 2.41977298e+04
1.55946647e-02 2.41983914e+04
1.56015807e-02 2.41990483e+04
1.56084972e-02 2.41997003e+04
1.56154143e-02 2.42003476e+04
1.56223319e-02 2.42009900e+04
1.56292501e-02 2.42016277e+04
1.56361688e-02 2.42022605e+04
1.56430881e-02 2.42028885e+04
1.56500079e-02 2.42035118e+04
1.56569283e-02 2.42041302e+04
1.56638492e-02 2.42047439e+04
1.56707707e-02 2.42053528e+04
1.56776927e-02 2.42059569e+04
1.56846153e-02 2.42065562e+04
1.56915384e-02 2.42071508e+04
1.56984621e-02 2.42077405e+04
1.57053863e-02 2.42083255e+04
1.57123111e-02 2.42089057e+04
1.57192365e-02 2.42094812e+04
1.57261624e-02 2.42100518e+04
1.57330889e-02 2.42106178e+04
1.57400159e-02 2.42111789e+04
1.57469435e-02 2.42117354e+04
1.57538716e-02 2.42122870e+04
1.57608003e-02 2.42128339e+04
1.57677296e-02 2.42133760e+04
1.57746594e-02 2.42139134e+04
1.57815898e-02 2.42144461e+04
1.57885207e-02 2.42149740e+04
1.57954522e-02 2.42154972e+04
1.58023843e-02 2.42160156e+04
1.58093169e-02 2.42165293e+04
1.58162501e-02 2.42170383e+04
1.58231838e-02 2.42175426e+04
1.58301182e-02 2.42180421e+04
1.58370531e-02 2.42185368e+04
1.58439885e-02 2.42190269e+04
1.58509245e-02 2.42195122e+04
1.58578611e-02 2.42199928e+04
1.58647983e-02 2.42204688e+04
1.58717360e-02 2.42209400e+04
1.58786743e-02 2.42214065e+04
1.58856132e-02 2.42218682e+04
1.58925526e-02 2.42223253e+04
1.58994926e-02 2.42227777e+04
1.59064332e-02 2.42232253e+04
1.59133744e-02 2.42236683e+04
1.59203161e-02 2.42241066e+04
1.59272584e-02 2.42245402e+04
1.59342013e-02 2.42249691e+04
1.59411447e-02 2.42253933e+04
1.59480888e-02 2.42258128e+04
1.59550334e-02 2.42262277e+04
1.59619785e-02 2.42266378e+04
1.59689243e-02 2.42270433e+04
1.59758706e-02 2.42274441e+04
1.59828175e-02 2.42278402e+04
1.59897650e-02 2.42282317e+04
1.59967131e-02 2.42286185e+04
1.60036618e-02 2.42290006e+04
1.60106110e-02 2.42293781e+04
1.60175608e-02 2.42297509e+04
1.60245112e-02 2.42301191e+04
1.60314622e-02 2.42304826e+04
1.60384138e-02 2.42308414e+04
1.60453659e-02 2.42311956e+04
1.60523186e-02 2.42315452e+04
1.60592720e-02 2.42318901e+04
1.60662259e-02 2.42322303e+04
1.60731804e-02 2.42325660e+04
1.60801354e-02 2.42328969e+04
1.60870911e-02 2.42332232e+04
1.60940474e-02 2.42335449e+04
1.61010042e-02 2.42338620e+04
1.61079616e-02 2.42341745e+04
1.61149197e-02 2.42344823e+04
1.61218783e-02 2.42347855e+04
1.61288375e-02 2.42350841e+04
1.61357973e-02 2.42353781e+04
1.61427577e-02 2.42356674e+04
1.61497187e-02 2.42359521e+04
1.61566803e-02 2.42362323e+04
1.61636424e-02 2.42365078e+04
1.61706052e-02 2.42367787e+04
1.61775686e-02 2.42370450e+04
1.61845326e-02 2.42373067e+04
1.61914971e-02 2.42375638e+04
1.61984623e-02 2.42378163e+04
1.62054280e-02 2.42380642e+04
1.62123944e-02 2.42383075e+04
1.62193614e-02 2.42385463e+04
1.62263289e-02 2.42387804e+04
1.62332971e-02 2.42390099e+04
1.62402659e-02 2.42392349e+04
1.62472352e-02 2.42394553e+04
1.62542052e-02 2.42396712e+04
1.62611758e-02 2.42398824e+04
1.62681470e-02 2.42400891e+04
1.62751187e-02 2.42402912e+04
1.62820911e-02 2.42404887e+04
1.62890641e-02 2.42406817e+04
1.62960377e-02 2.42408701e+04
1.63030120e-02 2.42410540e+04
1.63099868e-02 2.42412333e+04
1.63169622e-02 2.42414080e+04
1.63239383e-02 2.42415782e+04
1.63309149e-02 2.42417439e+04
1.63378922e-02 2.42419049e+04
1.63448701e-02 2.42420614e+04
1.63518485e-02 2.42422134e+04
1.63588276e-02 2.42423609e+04
1.63658074e-02 2.42425038e+04
1.63727877e-02 2.42426422e+04
1.63797686e-02 2.42427760e+04
1.63867502e-02 2.42429054e+04
1.63937324e-02 2.42430302e+04
1.64007152e-02 2.42431504e+04
1.64076986e-02 2.42432662e+04
1.64146826e-02 2.42433774e+04
1.64216673e-02 2.42434840e+04
1.64286526e-02 2.42435862e+04
1.64356385e-02 2.42436839e+04
1.64426250e-02 2.42437771e+04
1.64496121e-02 2.42438657e+04
1.64565999e-02 2.42439498e+04
1.64635883e-02 2.42440295e+04
1.64705773e-02 2.42441046e+04
1.64775669e-02 2.42441752e+04
1.64845571e-02 2.42442414e+04
1.64915480e-02 2.42443030e+04
1.64985395e-02 2.42443601e+04
1.65055317e-02 2.42444128e+04
1.65125245e-02 2.42444609e+04
1.65195178e-02 2.42445046e+04
1.65265119e-02 2.42445438e+04
1.65335065e-02 2.42445785e+04
1.65405018e-02 2.42446087e+04
1.65474977e-02 2.42446345e+04
1.65544943e-02 2.42446558e+04
1.65614915e-02 2.42446726e+04
1.65684893e-02 2.42446849e+04
1.65754877e-02 2.42446928e+04
1.65824868e-02 2.42446962e+04
1.65894866e-02 2.42446951e+04
1.65964869e-02 2.42446896e+04
1.66034879e-02 2.42446796e+04
1.66104896e-02 2.42446652e+04
1.66174918e-02 2.42446463e+04
1.66244947e-02 2.42446229e+04
1.66314983e-02 2.42445952e+04
1.66385025e-02 2.42445629e+04
1.66455073e-02 2.42445263e+04
1.66525128e-02 2.42444851e+04
1.66595189e-02 2.42444396e+04
1.66665257e-02 2.42443896e+04
1.66735331e-02 2.42443352e+04
1.66805412e-02 2.42442763e+04
1.66875499e-02 2.42442130e+04
1.66945592e-02 2.42441453e+04
1.67015692e-02 2.42440731e+04
1.67085798e-02 2.42439966e+04
1.67155911e-02 2.42439156e+04
1.67226031e-02 2.42438302e+04
1.67296157e-02 2.42437404e+04
1.67366289e-02 2.42436462e+04
1.67436428e-02 2.42435475e+04
1.67506573e-02 2.42434445e+04
1.67576725e-02 2.42433370e+04
1.67646884e-02 2.42432251e+04
1.67717049e-02 2.42431088e+04
1.67787221e-02 2.42429882e+04
1.67857399e-02 2.42428631e+04
1.67927584e-02 2.42427336e+04
1.67997775e-02 2.42425998e+04
1.68067973e-02 2.42424615e+04
1.68138177e-02 2.42423189e+04
1.68208388e-02 2.42421719e+04
1.68278606e-02 2.42420205e+04
1.68348830e-02 2.42418647e+04
1.68419061e-02 2.42417045e+04
1.68489299e-02 2.42415400e+04
1.68559543e-02 2.42413711e+04
1.68629794e-02 2.42411978e+04
1.68700051e-02 2.42410201e+04
1.68770315e-02 2.42408381e+04
1.68840586e-02 2.42406517e+04
1.68910864e-02 2.42404609e+04
1.68981148e-02 2.42402658e+04
1.69051439e-02 2.42400663e+04
1.69121736e-02 2.42398625e+04
1.69192040e-02 2.42396543e+04
1.69262351e-02 2.42394418e+04
1.69332669e-02 2.42392249e+04
1.69402993e-02 2.42390037e+04
1.69473324e-02 2.42387781e+04
1.69543662e-02 2.42385481e+04
1.69614006e-02 2.42383139e+04
1.69684358e-02 2.42380753e+04
1.69754716e-02 2.42378324e+04
1.69825081e-02 2.42375851e+04
1.69895452e-02 2.42373335e+04
1.69965831e-02 2.42370776e+04
1.70036216e-02 2.42368173e+04
1.70106608e-02 2.42365527e+04
1.70177007e-02 2.42362838e+04
1.70247412e-02 2.42360106e+04
1.70317825e-02 2.42357330e+04
1.70388244e-02 2.42354512e+04
1.70458670e-02 2.42351650e+04
1.70529103e-02 2.42348745e+04
1.70599543e-02 2.42345797e+04
1.70669989e-02 2.42342806e+04
1.70740443e-02 2.42339772e+04
1.70810903e-02 2.42336695e+04
1.70881370e-02 2.42333575e+04
1.70951845e-02 2.42330412e+04
1.71022326e-02 2.42327206e+04
1.71092814e-02 2.42323957e+04
1.71163308e-02 2.42320666e+04
1.71233810e-02 2.42317331e+04
1.71304319e-02 2.42313953e+04
1.71374835e-02 2.42310532e+04
1.71445357e-02 2.42307069e+04
1.71515887e-02 2.42303563e+04
1.71586423e-02 2.42300014e+04
1.71656967e-02 2.42296423e+04
1.71727517e-02 2.42292789e+04
1.71798075e-02 2.42289112e+04
1.71868639e-02 2.42285392e+04
1.71939210e-02 2.42281630e+04
1.72009789e-02 2.42277825e+04
1.72080374e-02 2.42273977e+04
1.72150967e-02 2.42270087e+04
1.72221566e-02 2.42266154e+04
1.72292173e-02 2.42262178e+04
1.72362786e-02 2.42258161e+04
1.72433407e-02 2.42254100e+04
1.72504035e-02 2.42249997e+04
1.72574670e-02 2.42245852e+04
1.72645311e-02 2.42241664e+04
1.72715960e-02 2.42237434e+04
1.72786616e-02 2.42233162e+04
1.72857280e-02 2.42228846e+04
1.72927950e-02 2.42224489e+04
1.72998627e-02 2.42220089e+04
1.73069312e-02 2.42215647e+04
1.73140003e-02 2.42211163e+04
1.73210702e-02 2.42206636e+04
1.73281408e-02 2.42202068e+04
1.73352121e-02 2.42197457e+04
1.73422841e-02 2.42192803e+04
1.73493569e-02 2.42188108e+04
1.73564303e-02 2.42183371e+04
1.73635045e-02 2.42178591e+04
1.73705794e-02 2.42173769e+04
1.73776551e-02 2.42168905e+04
1.73847314e-02 2.42163999e+04
1.73918085e-02 2.42159052e+04
1.73988863e-02 2.42154061e+04
1.74059648e-02 2.42149029e+04
1.74130440e-02 2.42143955e+04
1.74201240e-02 2.42138839e+04
1.74272047e-02 2.42133681e+04
1.74342861e-02 2.42128481e+04
1.74413682e-02 2.42123239e+04
1.74484511e-02 2.42117956e+04
1.74555347e-02 2.42112630e+04
1.74626191e-02 2.42107263e+04
1.74697041e-02 2.42101854e+04
1.74767899e-02 2.42096403e+04
1.74838765e-02 2.42090910e+04
1.74909638e-02 2.42085376e+04
1.74980518e-02 2.42079799e+04
1.75051405e-02 2.42074182e+04
1.75122300e-02 2.42068522e+04
1.75193202e-02 2.42062821e+04
1.75264112e-02 2.42057078e+04
1.75335028e-02 2.42051294e+04
1.75405953e-02 2.42045468e+04
1.75476885e-02 2.42039600e+04
1.75547824e-02 2.42033691e+04
1.75618770e-02 2.42027740e+04
1.75689724e-02 2.42021748e+04
1.75760686e-02 2.42015714e+04
1.75831655e-02 2.42009639e+04
1.75902631e-02 2.42003522e+04
1.75973615e-02 2.41997364e+04
1.76044606e-02 2.41991165e+04
1.76115605e-02 2.41984924e+04
1.76186612e-02 2.41978642e+04
1.76257625e-02 2.41972318e+04
1.76328647e-02 2.41965954e+04
1.76399676e-02 2.41959548e+04
1.76470712e-02 2.41953100e+04
1.76541756e-02 2.41946612e+04
1.76612808e-02 2.41940081e+04
1.76683867e-02 2.41933510e+04
1.76754933e-02 2.41926898e+04
1.76826007e-02 2.41920244e+04
1.76897089e-02 2.41913550e+04
1.76968179e-02 2.41906814e+04
1.77039276e-02 2.41900037e+04
1.77110380e-02 2.41893219e+04
1.77181492e-02 2.41886360e+04
1.77252612e-02 2.41879460e+04
1.77323740e-02 2.41872519e+04
1.77394875e-02 2.41865538e+04
1.77466017e-02 2.41858514e+04
1.77537168e-02 2.41851450e+04
1.77608326e-02 2.41844345e+04
1.77679492e-02 2.41837199e+04
1.77750665e-02 2.41830013e+04
1.77821846e-02 2.41822785e+04
1.77893035e-02 2.41815517e+04
1.77964232e-02 2.41808208e+04
1.78035436e-02 2.41800858e+04
1.78106648e-02 2.41793467e+04
1.78177868e-02 2.41786035e+04
1.78249095e-02 2.41778562e+04
1.78320331e-02 2.41771049e+04
1.78391574e-02 2.41763495e+04
1.78462825e-02 2.41755901e+04
1.78534083e-02 2.41748266e+04
1.78605350e-02 2.41740590e+04
1.78676624e-02 2.41732873e+04
1.78747906e-02 2.41725116e+04
1.78819196e-02 2.41717319e+04
1.78890493e-02 2.41709481e+04
1.78961799e-02 2.41701602e+04
1.79033112e-02 2.41693683e+04
1.79104434e-02 2.41685723e+04
1.79175763e-02 2.41677723e+04
1.79247100e-02 2.41669682e+04
1.79318445e-02 2.41661600e+04
1.79389798e-02 2.41653479e+04
1.79461158e-02 2.41645317e+04
1.79532527e-02 2.41637115e+04
1.79603903e-02 2.41628872e+04
1.79675288e-02 2.41620589e+04
1.79746680e-02 2.41612266e+04
1.79818081e-02 2.41603902e+04
1.79889489e-02 2.41595499e+04
1.79960905e-02 2.41587055e+04
1.80032330e-02 2.41578570e+04
1.80103762e-02 2.41570046e+04
1.80175202e-02 2.41561481e+04
1.80246651e-02 2.41552876e+04
1.80318107e-02 2.41544231e+04
1.80389571e-02 2.41535546e+04
1.80461044e-02 2.41526820e+04
1.80532524e-02 2.41518055e+04
1.80604012e-02 2.41509250e+04
1.80675509e-02 2.41500404e+04
1.80747014e-02 2.41491519e+04
1.80818526e-02 2.41482593e+04
1.80890047e-02 2.41473627e+04
1.80961576e-02 2.41464622e+04
1.81033113e-02 2.41455576e+04
1.81104658e-02 2.41446491e+04
1.81176212e-02 2.41437366e+04
1.81247773e-02 2.41428201e+04
1.81319343e-02 2.41418996e+04
1.81390920e-02 2.41409751e+04
1.81462506e-02 2.41400466e+04
1.81534100e-02 2.41391142e+04
1.81605703e-02 2.41381778e+04
1.81677313e-02 2.41372374e+04
1.81748932e-02 2.41362930e+04
1.81820559e-02 2.41353446e+04
1.81892194e-02 2.41343923e+04
1.81963837e-02 2.41334360e+04
1.82035489e-02 2.41324758e+04
1.82107149e-02 2.41315115e+04
1.82178817e-02 2.41305434e+04
1.82250493e-02 2.41295712e+04
1.82322178e-02 2.41285951e+04
1.82393871e-02 2.41276151e+04
1.82465572e-02 2.41266311e+04
1.82537282e-02 2.41256431e+04
1.82609000e-02 2.41246512e+04
1.82680726e-02 2.41236553e+04
1.82752461e-02 2.41226556e+04
1.82824204e-02 2.41216518e+04
1.82895955e-02 2.41206441e+04
1.82967715e-02 2.41196325e+04
1.83039483e-02 2.41186169e+04
1.83111260e-02 2.41175974e+04
1.83183044e-02 2.41165740e+04
1.83254838e-02 2.41155466e+04
1.83326640e-02 2.41145153e+04
1.83398450e-02 2.41134800e+04
1.83470268e-02 2.41124409e+04
1.83542096e-02 2.41113978e+04
1.83613931e-02 2.41103508e+04
1.83685775e-02 2.41092999e+04
1.83757628e-02 2.41082450e+04
1.83829489e-02 2.41071863e+04
1.83901358e-02 2.41061236e+04
1.83973236e-02 2.41050570e+04
1.84045123e-02 2.41039865e+04
1.84117018e-02 2.41029122e+04
1.84188922e-02 2.41018338e+04
1.84260834e-02 2.41007516e+04
1.84332755e-02 2.40996655e+04
1.84404684e-02 2.40985755e+04
1.84476622e-02 2.40974815e+04
1.84548569e-02 2.40963837e+04
1.84620524e-02 2.40952820e+04
1.84692488e-02 2.40941764e+04
1.84764460e-02 2.40930669e+04
1.84836441e-02 2.40919535e+04
1.84908431e-02 2.40908362e+04
1.84980429e-02 2.40897151e+04
1.85052436e-02 2.40885900e+04
1.85124452e-02 2.40874611e+04
1.85196476e-02 2.40863283e+04
1.85268510e-02 2.40851916e+04
1.85340551e-02 2.40840511e+04
1.85412602e-02 2.40829067e+04
1.85484661e-02 2.40817584e+04
1.85556729e-02 2.40806062e+04
1.85628806e-02 2.40794502e+04
1.85700892e-02 2.40782902e+04
1.85772986e-02 2.40771265e+04
1.85845089e-02 2.40759588e+04
1.85917201e-02 2.40747874e+04
1.85989322e-02 2.40736120e+04
1.86061451e-02 2.40724328e+04
1.86133590e-02 2.40712498e+04
1.86205737e-02 2.40700629e+04
1.86277893e-02 2.40688721e+04
1.86350058e-02 2.40676775e+04
1.86422231e-02 2.40664791e+04
1.86494414e-02 2.40652768e+04
1.86566606e-02 2.40640706e+04
1.86638806e-02 2.40628607e+04
1.86711015e-02 2.40616468e+04
1.86783234e-02 2.40604292e+04
1.86855461e-02 2.40592076e+04
1.86927697e-02 2.40579823e+04
1.86999942e-02 2.40567531e+04
1.87072196e-02 2.40555202e+04
1.87144459e-02 2.40542833e+04
1.87216731e-02 2.40530427e+04
1.87289012e-02 2.40517982e+04
1.87361302e-02 2.40505500e+04
1.87433602e-02 2.40492978e+04
1.87505910e-02 2.40480419e+04
1.87578227e-02 2.40467822e+04
1.87650553e-02 2.40455186e+04
1.87722888e-02 2.40442513e+04
1.87795233e-02 2.40429801e+04
1.87867586e-02 2.40417051e+04
1.87939949e-02 2.40404263e+04
1.88012320e-02 2.40391437e+04
1.88084701e-02 2.40378573e+04
1.88157091e-02 2.40365672e+04
1.88229490e-02 2.40352731e+04
1.88301898e-02 2.40339753e+04
1.88374316e-02 2.40326737e+04
1.88446742e-02 2.40313683e+04
1.88519178e-02 2.40300591e+04
1.88591623e-02 2.40287462e+04
1.88664077e-02 2.40274294e+04
1.88736540e-02 2.40261089e+04
1.88809013e-02 2.40247845e+04
1.88881495e-02 2.40234564e+04
1.88953986e-02 2.40221246e+04
1.89026486e-02 2.40207889e+04
1.89098996e-02 2.40194494e+04
1.89171514e-02 2.40181062e+04
1.89244043e-02 2.40167592e+04
1.89316580e-02 2.40154084e+04
1.89389127e-02 2.40140539e+04
1.89461683e-02 2.40126956e+04
1.89534249e-02 2.40113335e+04
1.89606823e-02 2.40099677e+04
1.89679408e-02 2.40085981e+04
1.89752001e-02 2.40072248e+04
1.89824604e-02 2.40058477e+04
1.89897217e-02 2.40044667e+04
1.89969839e-02 2.40030821e+04
1.90042470e-02 2.40016937e+04
1.90115110e-02 2.40003016e+04
1.90187761e-02 2.39989058e+04
1.90260420e-02 2.39975061e+04
1.90333089e-02 2.39961027e+04
1.90405768e-02 2.39946956e+04
1.90478456e-02 2.39932848e+04
1.90551153e-02 2.39918702e+04
1.90623860e-02 2.39904518e+04
1.90696577e-02 2.39890298e+04
1.90769303e-02 2.39876040e+04
1.90842039e-02 2.39861744e+04
1.90914784e-02 2.39847412e+04
1.90987539e-02 2.39833042e+04
1.91060303e-02 2.39818635e+04
1.91133077e-02 2.39804189e+04
1.91205860e-02 2.39789708e+04
1.91278654e-02 2.39775189e+04
1.91351457e-02 2.39760633e+04
1.91424269e-02 2.39746039e+04
1.91497091e-02 2.39731409e+04
1.91569923e-02 2.39716741e+04
1.91642764e-02 2.39702036e+04
1.91715616e-02 2.39687295e+04
1.91788477e-02 2.39672516e+04
1.91861347e-02 2.39657700e+04
1.91934228e-02 2.39642847e+04
1.92007118e-02 2.39627956e+04
1.92080017e-02 2.39613029e+04
1.92152927e-02 2.39598065e+04
1.92225846e-02 2.39583064e+04
1.92298776e-02 2.39568026e+04
1.92371715e-02 2.39552951e+04
1.92444663e-02 2.39537839e+04
1.92517622e-02 2.39522690e+04
1.92590590e-02 2.39507503e+04
1.92663569e-02 2.39492281e+04
1.92736557e-02 2.39477021e+04
1.92809555e-02 2.39461725e+04
1.92882563e-02 2.39446391e+04
1.92955581e-02 2.39431021e+04
1.93028608e-02 2.39415615e+04
1.93101646e-02 2.39400171e+04
1.93174693e-02 2.39384691e+04
1.93247751e-02 2.39369174e+04
1.93320819e-02 2.39353620e+04
1.93393896e-02 2.39338029e+04
1.93466983e-02 2.39322402e+04
1.93540081e-02 2.39306739e+04
1.93613188e-02 2.39291038e+04
1.93686306e-02 2.39275301e+04
1.93759433e-02 2.39259526e+04
1.93832571e-02 2.39243716e+04
1.93905718e-02 2.39227869e+04
1.93978876e-02 2.39211986e+04
1.94052044e-02 2.39196066e+04
1.94125222e-02 2.39180109e+04
1.94198410e-02 2.39164116e+04
1.94271608e-02 2.39148087e+04
1.94344816e-02 2.39132021e+04
1.94418034e-02 2.39115918e+04
1.94491263e-02 2.39099780e+04
1.94564502e-02 2.39083604e+04
1.94637750e-02 2.39067392e+04
1.94711009e-02 2.39051144e+04
1.94784279e-02 2.39034860e+04
1.94857558e-02 2.39018539e+04
1.94930848e-02 2.39002182e+04
1.95004148e-02 2.38985788e+04
1.95077458e-02 2.38969359e+04
1.95150779e-02 2.38952893e+04
1.95224110e-02 2.38936390e+04
1.95297451e-02 2.38919852e+04
1.95370802e-02 2.38903276e+04
1.95444164e-02 2.38886665e+04
1.95517536e-02 2.38870018e+04
1.95590918e-02 2.38853335e+04
1.95664311e-02 2.38836616e+04
1.95737714e-02 2.38819860e+04
1.95811128e-02 2.38803068e+04
1.95884552e-02 2.38786240e+04
1.95957986e-02 2.38769376e+04
1.96031431e-02 2.38752476e+04
1.96104886e-02 2.38735540e+04
1.96178352e-02 2.38718568e+04
1.96251828e-02 2.38701559e+04
1.96325315e-02 2.38684515e+04
1.96398812e-02 2.38667435e+04
1.96472320e-02 2.38650319e+04
1.96545838e-02 2.38633166e+04
1.96619366e-02 2.38615978e+04
1.96692906e-02 2.38598754e+04
1.96766456e-02 2.38581494e+04
1.96840016e-02 2.38564198e+04
1.96913587e-02 2.38546867e+04
1.96987168e-02 2.38529499e+04
1.97060761e-02 2.38512096e+04
1.97134363e-02 2.38494657e+04
1.97207977e-02 2.38477182e+04
1.97281601e-02 2.38459671e+04
1.97355236e-02 2.38442125e+04
1.97428881e-02 2.38424542e+04
1.97502537e-02 2.38406924e+04
1.97576204e-02 2.38389270e+04
1.97649882e-02 2.38371581e+04
1.97723570e-02 2.38353856e+04
1.97797269e-02 2.38336095e+04
1.97870979e-02 2.38318298e+04
1.97944699e-02 2.38300466e+04
1.98018431e-02 2.38282599e+04
1.98092173e-02 2.38264695e+04
1.98165926e-02 2.38246756e+04
1.98239690e-02 2.38228781e+04
1.98313464e-02 2.38210771e+04
1.98387250e-02 2.38192726e+04
1.98461046e-02 2.38174645e+04
1.98534854e-02 2.38156528e+04
1.98608672e-02 2.38138376e+04
1.98682501e-02 2.38120188e+04
1.98756341e-02 2.38101965e+04
1.98830192e-02 2.38083707e+04
1.98904054e-02 2.38065413e+04
1.98977927e-02 2.38047084e+04
1.99051810e-02 2.38028719e+04
1.99125705e-02 2.38010319e+04
1.99199611e-02 2.37991884e+04
1.99273528e-02 2.37973413e+04
1.99347456e-02 2.37954907e+04
1.99421395e-02 2.37936365e+04
1.99495345e-02 2.37917788e+04
1.99569306e-02 2.37899176e+04
1.99643278e-02 2.37880529e+04
1.99717261e-02 2.37861847e+04
1.99791256e-02 2.37843129e+04
1.99865261e-02 2.37824376e+04
1.99939278e-02 2.37805588e+04
2.00013306e-02 2.37786765e+04
2.00087345e-02 2.37767906e+04
2.00161395e-02 2.37749013e+04
2.00235456e-02 2.37730084e+04
2.00309529e-02 2.37711120e+04
2.00383613e-02 2.37692121e+04
2.00457708e-02 2.37673087e+04
2.00531814e-02 2.37654018e+04
2.00605932e-02 2.37634914e+04
2.00680061e-02 2.37615775e+04
2.00754201e-02 2.37596601e+04
2.00828353e-02 2.37577392e+04
2.00902516e-02 2.37558148e+04
2.00976690e-02 2.37538869e+04
2.01050876e-02 2.37519554e+04
2.01125073e-02 2.37500205e+04
2.01199281e-02 2.37480821e+04
2.01273501e-02 2.37461402e+04
2.01347732e-02 2.37441949e+04
2.01421975e-02 2.37422460e+04
2.01496229e-02 2.37402936e+04
2.01570495e-02 2.37383378e+04
2.01644772e-02 2.37363785e+04
2.01719060e-02 2.37344157e+04
2.01793360e-02 2.37324494e+04
2.01867672e-02 2.37304797e+04
2.01941995e-02 2.37285065e+04
2.02016330e-02 2.37265298e+04
2.02090676e-02 2.37245496e+04
2.02165034e-02 2.37225660e+04
2.02239403e-02 2.37205787e+04
2.02313784e-02 2.37185882e+04
2.02388177e-02 2.37165941e+04
2.02462581e-02 2.37145966e+04
2.02536997e-02 2.37125956e+04
2.02611425e-02 2.37105912e+04
2.02685864e-02 2.37085833e+04
2.02760315e-02 2.37065719e+04
2.02834778e-02 2.37045571e+04
2.02909253e-02 2.37025388e+04
2.02983739e-02 2.37005171e+04
2.03058237e-02 2.36984919e+04
2.03132747e-02 2.36964632e+04
2.03207268e-02 2.36944312e+04
2.03281802e-02 2.36923956e+04
2.03356347e-02 2.36903567e+04
2.03430904e-02 2.36883142e+04
2.03505473e-02 2.36862684e+04
2.03580054e-02 2.36842191e+04
2.03654646e-02 2.36821663e+04
2.03729251e-02 2.36801101e+04
2.03803867e-02 2.36780505e+04
2.03878496e-02 2.36759875e+04
2.03953136e-02 2.36739209e+04
2.04027788e-02 2.36718509e+04
2.04102453e-02 2.36697776e+04
2.04177129e-02 2.36677008e+04
2.04251817e-02 2.36656205e+04
2.04326518e-02 2.36635369e+04
2.04401230e-02 2.36614498e+04
2.04475955e-02 2.36593593e+04
2.04550691e-02 2.36572654e+04
2.04625440e-02 2.36551681e+04
2.04700200e-02 2.36530673e+04
2.04774973e-02 2.36509631e+04
2.04849758e-02 2.36488555e+04
2.04924555e-02 2.36467445e+04
2.04999364e-02 2.36446301e+04
2.05074186e-02 2.36425123e+04
2.05149020e-02 2.36403909e+04
2.05223865e-02 2.36382663e+04
2.05298723e-02 2.36361382e+04
2.05373594e-02 2.36340068e+04
2.05448476e-02 2.36318719e+04
2.05523371e-02 2.36297336e+04
2.05598278e-02 2.36275919e+04
2.05673198e-02 2.36254469e+04
2.05748130e-02 2.36232984e+04
2.05823074e-02 2.36211465e+04
2.05898030e-02 2.36189913e+04
2.05972999e-02 2.36168326e+04
2.06047980e-02 2.36146705e+04
2.06122974e-02 2.36125050e+04
2.06197980e-02 2.36103362e+04
2.06272999e-02 2.36081640e+04
2.06348030e-02 2.36059884e+04
2.06423073e-02 2.36038094e+04
2.06498129e-02 2.36016270e+04
2.06573197e-02 2.35994412e+04
2.06648278e-02 2.35972521e+04
2.06723372e-02 2.35950596e+04
2.06798478e-02 2.35928637e+04
2.06873597e-02 2.35906644e+04
2.06948728e-02 2.35884617e+04
2.07023872e-02 2.35862557e+04
2.07099028e-02 2.35840463e+04
2.07174197e-02 2.35818335e+04
2.07249379e-02 2.35796174e+04
2.07324573e-02 2.35773979e+04
2.07399780e-02 2.35751750e+04
2.07475000e-02 2.35729487e+04
2.07550232e-02 2.35707191e+04
2.07625478e-02 2.35684862e+04
2.07700736e-02 2.35662499e+04
2.07776006e-02 2.35640102e+04
2.07851290e-02 2.35617672e+04
2.07926586e-02 2.35595208e+04
2.08001895e-02 2.35572710e+04
2.08077217e-02 2.35550178e+04
2.08152552e-02 2.35527614e+04
2.08227900e-02 2.35505016e+04
2.08303260e-02 2.35482384e+04
2.08378634e-02 2.35459719e+04
2.08454020e-02 2.35437021e+04
2.08529420e-02 2.35414289e+04
2.08604832e-02 2.35391523e+04
2.08680257e-02 2.35368725e+04
2.08755696e-02 2.35345892e+04
2.08831147e-02 2.35323027e+04
2.08906611e-02 2.35300128e+04
2.08982088e-02 2.35277195e+04
2.09057579e-02 2.35254229e+04
2.09133082e-02 2.35231230e+04
2.09208599e-02 2.35208198e+04
2.09284128e-02 2.35185132e+04
2.09359671e-02 2.35162033e+04
2.09435227e-02 2.35138901e+04
2.09510796e-02 2.35115736e+04
2.09586379e-02 2.35092537e+04
2.09661974e-02 2.35069305e+04
2.09737583e-02 2.35046040e+04
2.09813205e-02 2.35022741e+04
2.09888840e-02 2.34999409e+04
2.09964488e-02 2.34976044e+04
2.10040150e-02 2.34952646e+04
2.10115825e-02 2.34929215e+04
2.10191513e-02 2.34905751e+04
2.10267215e-02 2.34882253e+04
2.10342930e-02 2.34858723e+04
2.10418658e-02 2.34835159e+04
2.10494400e-02 2.34811562e+04
2.10570155e-02 2.34787933e+04
2.10645924e-02 2.34764270e+04
2.10721706e-02 2.34740574e+04
2.10797502e-02 2.34716845e+04
2.10873311e-02 2.34693083e+04
2.10949133e-02 2.34669288e+04
2.11024969e-02 2.34645459e+04
2.11100819e-02 2.34621599e+04
2.11176682e-02 2.34597705e+04
2.11252558e-02 2.34573778e+04
2.11328449e-02 2.34549818e+04
2.11404353e-02 2.34525825e+04
2.11480270e-02 2.34501800e+04
2.11556201e-02 2.34477741e+04
2.11632146e-02 2.34453650e+04
2.11708104e-02 2.34429526e+04
2.11784077e-02 2.34405369e+04
2.11860062e-02 2.34381179e+04
2.11936062e-02 2.34356955e+04
2.12012075e-02 2.34332700e+04
2.12088103e-02 2.34308411e+04
2.12164144e-02 2.34284090e+04
2.12240198e-02 2.34259736e+04
2.12316267e-02 2.34235349e+04
2.12392349e-02 2.34210930e+04
2.12468446e-02 2.34186478e+04
2.12544556e-02 2.34161993e+04
2.12620680e-02 2.34137475e+04
2.12696818e-02 2.34112925e+04
2.12772970e-02 2.34088341e+04
2.12849136e-02 2.34063725e+04
2.12925315e-02 2.34039077e+04
2.13001509e-02 2.34014396e+04
2.13077717e-02 2.33989682e+04
2.13153939e-02 2.33964936e+04
2.13230175e-02 2.33940157e+04
2.13306425e-02 2.33915345e+04
2.13382689e-02 2.33890501e+04
2.13458967e-02 2.33865625e+04
2.13535260e-02 2.33840716e+04
2.13611566e-02 2.33815774e+04
2.13687887e-02 2.33790800e+04
2.13764222e-02 2.33765793e+04
2.13840571e-02 2.33740754e+04
2.13916934e-02 2.33715682e+04
2.13993311e-02 2.33690578e+04
2.14069703e-02 2.33665440e+04
2.14146109e-02 2.33640271e+04
2.14222529e-02 2.33615069e+04
2.14298964e-02 2.33589835e+04
2.14375413e-02 2.33564569e+04
2.14451876e-02 2.33539270e+04
2.14528354e-02 2.33513939e+04
2.14604846e-02 2.33488575e+04
2.14681353e-02 2.33463179e+04
2.14757874e-02 2.33437751e+04
2.14834409e-02 2.33412290e+04
2.14910959e-02 2.33386797e+04
2.14987524e-02 2.33361271e+04
2.15064103e-02 2.33335714e+04
2.15140696e-02 2.33310124e+04
2.15217304e-02 2.33284502e+04
2.15293927e-02 2.33258847e+04
2.15370564e-02 2.33233161e+04
2.15447216e-02 2.33207442e+04
2.15523882e-02 2.33181691e+04
2.15600563e-02 2.33155907e+04
2.15677259e-02 2.33130092e+04
2.15753969e-02 2.33104243e+04
2.15830694e-02 2.33078363e+04
2.15907434e-02 2.33052451e+04
2.15984189e-02 2.33026507e+04
2.16060958e-02 2.33000531e+04
2.16137742e-02 2.32974522e+04
2.16214542e-02 2.32948481e+04
2.16291355e-02 2.32922409e+04
2.16368184e-02 2.32896304e+04
2.16445028e-02 2.32870167e+04
2.16521886e-02 2.32843998e+04
2.16598759e-02 2.32817797e+04
2.16675648e-02 2.32791564e+04
2.16752551e-02 2.32765299e+04
2.16829469e-02 2.32739002e+04
2.16906403e-02 2.32712673e+04
2.16983351e-02 2.32686312e+04
2.17060314e-02 2.32659918e+04
2.17137293e-02 2.32633493e+04
2.17214286e-02 2.32607036e+04
2.17291295e-02 2.32580547e+04
2.17368318e-02 2.32554026e+04
2.17445357e-02 2.32527473e+04
2.17522411e-02 2.32500888e+04
2.17599480e-02 2.32474272e+04
2.17676565e-02 2.32447623e+04
2.17753664e-02 2.32420943e+04
2.17830779e-02 2.32394231e+04
2.17907909e-02 2.32367487e+04
2.17985054e-02 2.32340710e+04
2.18062215e-02 2.32313902e+04
2.18139391e-02 2.32287063e+04
2.18216582e-02 2.32260191e+04
2.18293789e-02 2.32233288e+04
2.18371011e-02 2.32206353e+04
2.18448249e-02 2.32179387e+04
2.18525502e-02 2.32152388e+04
2.18602770e-02 2.32125358e+04
2.18680054e-02 2.32098296e+04
2.18757354e-02 2.32071203e+04
2.18834669e-02 2.32044076e+04
2.18911999e-02 2.32016919e+04
2.18989345e-02 2.31989730e+04
2.19066707e-02 2.31962510e+04
2.19144084e-02 2.31935258e+04
2.19221477e-02 2.31907974e+04
2.19298885e-02 2.31880659e+04
2.19376310e-02 2.31853312e+04
2.19453750e-02 2.31825933e+04
2.19531205e-02 2.31798523e+04
2.19608676e-02 2.31771081e+04
2.19686164e-02 2.31743607e+04
2.19763666e-02 2.31716102e+04
2.19841185e-02 2.31688566e+04
2.19918720e-02 2.31660998e+04
2.19996270e-02 2.31633398e+04
2.20073836e-02 2.31605766e+04
2.20151418e-02 2.31578103e+04
2.20229016e-02 2.31550409e+04
2.20306630e-02 2.31522683e+04
2.20384260e-02 2.31494926e+04
2.20461906e-02 2.31467138e+04
2.20539568e-02 2.31439317e+04
2.20617246e-02 2.31411466e+04
2.20694940e-02 2.31383583e+04
2.20772650e-02 2.31355668e+04
2.20850376e-02 2.31327723e+04
2.20928119e-02 2.31299745e+04
2.21005877e-02 2.31271736e+04
2.21083651e-02 2.31243696e+04
2.21161442e-02 2.31215625e+04
2.21239249e-02 2.31187522e+04
2.21317072e-02 2.31159388e+04
2.21394912e-02 2.31131222e+04
2.21472767e-02 2.31103026e+04
2.21550639e-02 2.31074797e+04
2.21628528e-02 2.31046538e+04
2.21706432e-02 2.31018247e+04
2.21784353e-02 2.30989926e+04
2.21862291e-02 2.30961571e+04
2.21940245e-02 2.30933187e+04
2.22018215e-02 2.30904771e+04
2.22096201e-02 2.30876324e+04
2.22174205e-02 2.30847846e+04
2.22252224e-02 2.30819336e+04
2.22330260e-02 2.30790795e+04
2.22408313e-02 2.30762223e+04
2.22486383e-02 2.30733620e+04
2.22564468e-02 2.30704986e+04
2.22642571e-02 2.30676320e+04
2.22720690e-02 2.30647624e+04
2.22798826e-02 2.30618896e+04
2.22876978e-02 2.30590137e+04
2.22955148e-02 2.30561347e+04
2.23033334e-02 2.30532526e+04
2.23111536e-02 2.30503673e+04
2.23189756e-02 2.30474790e+04
2.23267992e-02 2.30445875e+04
2.23346245e-02 2.30416930e+04
2.23424515e-02 2.30387953e+04
2.23502802e-02 2.30358945e+04
2.23581106e-02 2.30329907e+04
2.23659427e-02 2.30300837e+04
2.23737764e-02 2.30271736e+04
2.23816119e-02 2.30242604e+04
2.23894491e-02 2.30213442e+04
2.23972879e-02 2.30184248e+04
2.24051285e-02 2.30155023e+04
2.24129708e-02 2.30125767e+04
2.24208148e-02 2.30096480e+04
2.24286605e-02 2.30067163e+04
2.24365079e-02 2.30037814e+04
2.24443570e-02 2.30008435e+04
2.24522079e-02 2.29979024e+04
2.24600604e-02 2.29949583e+04
2.24679147e-02 2.29920110e+04
2.24757707e-02 2.29890607e+04
2.24836285e-02 2.29861073e+04
2.24914880e-02 2.29831508e+04
2.24993492e-02 2.29801912e+04
2.25072121e-02 2.29772285e+04
2.25150768e-02 2.29742628e+04
2.25229433e-02 2.29712940e+04
2.25308114e-02 2.29683220e+04
2.25386814e-02 2.29653470e+04
2.25465530e-02 2.29623689e+04
2.25544265e-02 2.29593878e+04
2.25623016e-02 2.29564035e+04
2.25701786e-02 2.29534162e+04
2.25780573e-02 2.29504258e+04
2.25859377e-02 2.29474324e+04
2.25938199e-02 2.29444358e+04
2.26017039e-02 2.29414362e+04
2.26095897e-02 2.29384335e+04
2.26174772e-02 2.29354278e+04
2.26253665e-02 2.29324189e+04
2.26332575e-02 2.29294070e+04
2.26411504e-02 2.29263920e+04
2.26490450e-02 2.29233739e+04
2.26569414e-02 2.29203528e+04
2.26648397e-02 2.29173287e+04
2.26727396e-02 2.29143014e+04
2.26806414e-02 2.29112711e+04
2.26885450e-02 2.29082378e+04
2.26964504e-02 2.29052013e+04
2.27043576e-02 2.29021618e+04
2.27122665e-02 2.28991192e+04
2.27201773e-02 2.28960736e+04
2.27280899e-02 2.28930250e+04
2.27360043e-02 2.28899732e+04
2.27439205e-02 2.28869184e+04
2.27518386e-02 2.28838606e+04
2.27597584e-02 2.28807997e+04
2.27676801e-02 2.28777358e+04
2.27756036e-02 2.28746688e+04
2.27835289e-02 2.28715987e+04
2.27914560e-02 2.28685256e+04
2.27993850e-02 2.28654494e+04
2.28073158e-02 2.28623702e+04
2.28152484e-02 2.28592879e+04
2.28231829e-02 2.28562026e+04
2.28311193e-02 2.28531142e+04
2.28390574e-02 2.28500228e+04
2.28469974e-02 2.28469284e+04
2.28549393e-02 2.28438309e+04
2.28628830e-02 2.28407303e+04
2.28708286e-02 2.28376268e+04
2.28787760e-02 2.28345201e+04
2.28867253e-02 2.28314105e+04
2.28946765e-02 2.28282978e+04
2.29026295e-02 2.28251820e+04
2.29105844e-02 2.28220633e+04
2.29185411e-02 2.28189414e+04
2.29264998e-02 2.28158166e+04
2.29344603e-02 2.28126886e+04
2.29424227e-02 2.28095577e+04
2.29503869e-02 2.28064237e+04
2.29583531e-02 2.28032867e+04
2.29663211e-02 2.28001467e+04
2.29742911e-02 2.27970036e+04
2.29822629e-02 2.27938575e+04
2.29902366e-02 2.27907084e+04
2.29982122e-02 2.27875563e+04
2.30061898e-02 2.27844011e+04
2.30141692e-02 2.27812429e+04
2.30221505e-02 2.27780816e+04
2.30301338e-02 2.27749174e+04
2.30381189e-02 2.27717501e+04
2.30461060e-02 2.27685798e+04
2.30540950e-02 2.27654064e+04
2.30620859e-02 2.27622301e+04
2.30700787e-02 2.27590507e+04
2.30780735e-02 2.27558683e+04
2.30860702e-02 2.27526829e+04
2.30940688e-02 2.27494945e+04
2.31020694e-02 2.27463030e+04
2.31100719e-02 2.27431085e+04
2.31180763e-02 2.27399110e+04
2.31260827e-02 2.27367105e+04
2.31340910e-02 2.27335070e+04
2.31421013e-02 2.27303004e+04
2.31501135e-02 2.27270909e+04
2.31581277e-02 2.27238783e+04
2.31661438e-02 2.27206627e+04
2.31741620e-02 2.27174441e+04
2.31821820e-02 2.27142225e+04
2.31902041e-02 2.27109979e+04
2.31982281e-02 2.27077703e+04
2.32062540e-02 2.27045397e+04
2.32142820e-02 2.27013060e+04
2.32223119e-02 2.26980694e+04
2.32303438e-02 2.26948298e+04
2.32383777e-02 2.26915871e+04
2.32464136e-02 2.26883414e+04
2.32544515e-02 2.26850927e+04
2.32624913e-02 2.26818410e+04
2.32705332e-02 2.26785864e+04
2.32785771e-02 2.26753287e+04
2.32866229e-02 2.26720680e+04
2.32946708e-02 2.26688044e+04
2.33027207e-02 2.26655377e+04
2.33107725e-02 2.26622680e+04
2.33188264e-02 2.26589954e+04
2.33268823e-02 2.26557197e+04
2.33349403e-02 2.26524411e+04
2.33430002e-02 2.26491593e+04
2.33510622e-02 2.26458747e+04
2.33591262e-02 2.26425870e+04
2.33671923e-02 2.26392964e+04
2.33752604e-02 2.26360028e+04
2.33833305e-02 2.26327061e+04
2.33914026e-02 2.26294065e+04
2.33994768e-02 2.26261039e+04
2.34075531e-02 2.26227983e+04
2.34156314e-02 2.26194897e+04
2.34237117e-02 2.26161781e+04
2.34317941e-02 2.26128635e+04
2.34398786e-02 2.26095460e+04
2.34479651e-02 2.26062255e+04
2.34560537e-02 2.26029019e+04
2.34641444e-02 2.25995754e+04
2.34722371e-02 2.25962459e+04
2.34803319e-02 2.25929134e+04
2.34884288e-02 2.25895780e+04
2.34965278e-02 2.25862395e+04
2.35046288e-02 2.25828981e+04
2.35127320e-02 2.25795537e+04
2.35208372e-02 2.25762063e+04
2.35289445e-02 2.25728559e+04
2.35370539e-02 2.25695026e+04
2.35451655e-02 2.25661463e+04
2.35532791e-02 2.25627870e+04
2.35613948e-02 2.25594246e+04
2.35695127e-02 2.25560593e+04
2.35776326e-02 2.25526911e+04
2.35857547e-02 2.25493199e+04
2.35938788e-02 2.25459457e+04
2.36020052e-02 2.25425686e+04
2.36101336e-02 2.25391884e+04
2.36182641e-02 2.25358053e+04
2.36263968e-02 2.25324193e+04
2.36345317e-02 2.25290302e+04
2.36426686e-02 2.25256382e+04
2.36508077e-02 2.25222432e+04
2.36589490e-02 2.25188452e+04
2.36670924e-02 2.25154443e+04
2.36752379e-02 2.25120404e+04
2.36833856e-02 2.25086335e+04
2.36915355e-02 2.25052237e+04
2.36996875e-02 2.25018109e+04
2.37078417e-02 2.24983951e+04
2.37159980e-02 2.24949764e+04
2.37241566e-02 2.24915547e+04
2.37323173e-02 2.24881300e+04
2.37404801e-02 2.24847024e+04
2.37486452e-02 2.24812718e+04
2.37568124e-02 2.24778382e+04
2.37649818e-02 2.24744017e+04
2.37731535e-02 2.24709622e+04
2.37813273e-02 2.24675198e+04
2.37895033e-02 2.24640744e+04
2.37976815e-02 2.24606260e+04
2.38058619e-02 2.24571747e+04
2.38140445e-02 2.24537204e+04
2.38222293e-02 2.24502632e+04
2.38304164e-02 2.24468030e+04
2.38386056e-02 2.24433399e+04
2.38467971e-02 2.24398738e+04
2.38549908e-02 2.24364047e+04
2.38631868e-02 2.24329327e+04
2.38713849e-02 2.24294578e+04
2.38795853e-02 2.24259797e+04
2.38877879e-02 2.24224989e+04
2.38959928e-02 2.24190150e+04
2.39041999e-02 2.24155283e+04
2.39124093e-02 2.24120385e+04
2.39206209e-02 2.24085458e+04
2.39288348e-02 2.24050502e+04
2.39370509e-02 2.24015516e+04
2.39452693e-02 2.23980501e+04
2.39534900e-02 2.23945456e+04
2.39617129e-02 2.23910382e+04
2.39699381e-02 2.23875277e+04
2.39781656e-02 2.23840144e+04
2.39863954e-02 2.23804981e+04
2.39946274e-02 2.23769789e+04
2.40028617e-02 2.23734567e+04
2.40110983e-02 2.23699316e+04
2.40193373e-02 2.23664036e+04
2.40275785e-02 2.23628726e+04
2.40358220e-02 2.23593386e+04
2.40440678e-02 2.23558017e+04
2.40523159e-02 2.23522619e+04
2.40605663e-02 2.23487190e+04
2.40688191e-02 2.23451733e+04
2.40770741e-02 2.23416246e+04
2.40853315e-02 2.23380730e+04
2.40935912e-02 2.23345184e+04
2.41018533e-02 2.23309609e+04
2.41101177e-02 2.23274005e+04
2.41183844e-02 2.23238371e+04
2.41266534e-02 2.23202708e+04
2.41349248e-02 2.23167016e+04
2.41431985e-02 2.23131294e+04
2.41514746e-02 2.23095542e+04
2.41597531e-02 2.23059762e+04
2.41680339e-02 2.23023952e+04
2.41763171e-02 2.22988112e+04
2.41846026e-02 2.22952244e+04
2.41928905e-02 2.22916346e+04
2.42011808e-02 2.22880418e+04
2.42094734e-02 2.22844461e+04
2.42177684e-02 2.22808475e+04
2.42260659e-02 2.22772460e+04
2.42343657e-02 2.22736415e+04
2.42426679e-02 2.22700339e+04
2.42509724e-02 2.22664236e+04
2.42592794e-02 2.22628103e+04
2.42675888e-02 2.22591940e+04
2.42759006e-02 2.22555749e+04
2.42842148e-02 2.22519528e+04
2.42925315e-02 2.22483278e+04
2.43008505e-02 2.22446998e+04
2.43091720e-02 2.22410690e+04
2.43174959e-02 2.22374352e+04
2.43258222e-02 2.22337984e+04
2.43341509e-02 2.22301588e+04
2.43424821e-02 2.22265162e+04
2.43508157e-02 2.22228707e+04
2.43591518e-02 2.22192222e+04
2.43674903e-02 2.22155708e+04
2.43758313e-02 2.22119165e+04
2.43841747e-02 2.22082592e+04
2.43925206e-02 2.22045991e+04
2.44008690e-02 2.22009360e+04
2.44092198e-02 2.21972700e+04
2.44175731e-02 2.21936010e+04
2.44259289e-02 2.21899292e+04
2.44342871e-02 2.21862544e+04
2.44426478e-02 2.21825766e+04
2.44510111e-02 2.21788960e+04
2.44593768e-02 2.21752124e+04
2.44677450e-02 2.21715260e+04
2.44761157e-02 2.21678366e+04
2.44844889e-02 2.21641442e+04
2.44928646e-02 2.21604490e+04
2.45012428e-02 2.21567507e+04
2.45096236e-02 2.21530496e+04
2.45180068e-02 2.21493455e+04
2.45263926e-02 2.21456386e+04
2.45347809e-02 2.21419287e+04
2.45431718e-02 2.21382159e+04
2.45515652e-02 2.21345002e+04
2.45599611e-02 2.21307816e+04
2.45683595e-02 2.21270600e+04
2.45767605e-02 2.21233355e+04
2.45851641e-02 2.21196082e+04
2.45935702e-02 2.21158778e+04
2.46019789e-02 2.21121446e+04
2.46103901e-02 2.21084085e+04
2.46188039e-02 2.21046694e+04
2.46272203e-02 2.21009274e+04
2.46356392e-02 2.20971825e+04
2.46440608e-02 2.20934347e+04
2.46524849e-02 2.20896838e+04
2.46609116e-02 2.20859302e+04
2.46693409e-02 2.20821736e+04
2.46777728e-02 2.20784141e+04
2.46862073e-02 2.20746517e+04
2.46946444e-02 2.20708864e+04
2.47030841e-02 2.20671181e+04
2.47115264e-02 2.20633470e+04
2.47199714e-02 2.20595729e+04
2.47284189e-02 2.20557959e+04
2.47368691e-02 2.20520160e+04
2.47453219e-02 2.20482332e+04
2.47537774e-02 2.20444474e+04
2.47622355e-02 2.20406587e+04
2.47706962e-02 2.20368671e+04
2.47791596e-02 2.20330726e+04
2.47876256e-02 2.20292752e+04
2.47960943e-02 2.20254749e+04
2.48045656e-02 2.20216717e+04
2.48130396e-02 2.20178656e+04
2.48215163e-02 2.20140565e+04
2.48299957e-02 2.20102445e+04
2.48384777e-02 2.20064297e+04
2.48469624e-02 2.20026118e+04
2.48554498e-02 2.19987911e+04
2.48639399e-02 2.19949675e+04
2.48724327e-02 2.19911409e+04
2.48809282e-02 2.19873115e+04
2.48894263e-02 2.19834791e+04
2.48979272e-02 2.19796438e+04
2.49064308e-02 2.19758056e+04
2.49149372e-02 2.19719645e+04
2.49234462e-02 2.19681205e+04
2.49319580e-02 2.19642736e+04
2.49404725e-02 2.19604238e+04
2.49489897e-02 2.19565710e+04
2.49575097e-02 2.19527154e+04
2.49660324e-02 2.19488568e+04
2.49745578e-02 2.19449953e+04
2.49830860e-02 2.19411308e+04
2.49916170e-02 2.19372635e+04
2.50001507e-02 2.19333933e+04
2.50086872e-02 2.19295202e+04
2.50172265e-02 2.19256442e+04
2.50257685e-02 2.19217652e+04
2.50343134e-02 2.19178834e+04
2.50428610e-02 2.19139986e+04
2.50514114e-02 2.19101109e+04
2.50599646e-02 2.19062203e+04
2.50685205e-02 2.19023268e+04
2.50770793e-02 2.18984304e+04
2.50856409e-02 2.18945310e+04
2.50942053e-02 2.18906288e+04
2.51027725e-02 2.18867237e+04
2.51113426e-02 2.18828156e+04
2.51199154e-02 2.18789047e+04
2.51284911e-02 2.18749908e+04
2.51370697e-02 2.18710740e+04
2.51456510e-02 2.18671543e+04
2.51542352e-02 2.18632317e+04
2.51628223e-02 2.18593062e+04
2.51714122e-02 2.18553778e+04
2.51800050e-02 2.18514464e+04
2.51886006e-02 2.18475122e+04
2.51971991e-02 2.18435750e+04
2.52058005e-02 2.18396349e+04
2.52144048e-02 2.18356920e+04
2.52230119e-02 2.18317461e+04
2.52316219e-02 2.18277973e+04
2.52402348e-02 2.18238456e+04
2.52488506e-02 2.18198910e+04
2.52574693e-02 2.18159335e+04
2.52660910e-02 2.18119730e+04
2.52747155e-02 2.18080097e+04
2.52833429e-02 2.18040434e+04
2.52919733e-02 2.18000743e+04
2.53006066e-02 2.17961022e+04
2.53092428e-02 2.17921272e+04
2.53178819e-02 2.17881492e+04
2.53265240e-02 2.17841684e+04
2.53351691e-02 2.17801847e+04
2.53438171e-02 2.17761981e+04
2.53524680e-02 2.17722086e+04
2.53611219e-02 2.17682161e+04
2.53697788e-02 2.17642208e+04
2.53784386e-02 2.17602225e+04
2.53871014e-02 2.17562214e+04
2.53957672e-02 2.17522173e+04
2.54044360e-02 2.17482103e+04
2.54131077e-02 2.17442004e+04
2.54217825e-02 2.17401875e+04
2.54304602e-02 2.17361718e+04
2.54391410e-02 2.17321531e+04
2.54478248e-02 2.17281316e+04
2.54565116e-02 2.17241071e+04
2.54652014e-02 2.17200797e+04
2.54738942e-02 2.17160495e+04
2.54825900e-02 2.17120163e+04
2.54912889e-02 2.17079802e+04
2.54999909e-02 2.17039411e+04
2.55086958e-02 2.16998991e+04
2.55174039e-02 2.16958543e+04
2.55261150e-02 2.16918065e+04
2.55348291e-02 2.16877559e+04
2.55435463e-02 2.16837023e+04
2.55522666e-02 2.16796457e+04
2.55609900e-02 2.16755863e+04
2.55697164e-02 2.16715240e+04
2.55784459e-02 2.16674588e+04
2.55871785e-02 2.16633906e+04
2.55959142e-02 2.16593196e+04
2.56046531e-02 2.16552456e+04
2.56133950e-02 2.16511687e+04
2.56221400e-02 2.16470889e+04
2.56308882e-02 2.16430062e+04
2.56396395e-02 2.16389205e+04
2.56483939e-02 2.16348319e+04
2.56571514e-02 2.16307404e+04
2.56659121e-02 2.16266460e+04
2.56746759e-02 2.16225487e+04
2.56834429e-02 2.16184485e+04
2.56922130e-02 2.16143454e+04
2.57009863e-02 2.16102393e+04
2.57097628e-02 2.16061304e+04
2.57185424e-02 2.16020185e+04
2.57273252e-02 2.15979037e+04
2.57361112e-02 2.15937860e+04
2.57449004e-02 2.15896654e+04
2.57536928e-02 2.15855418e+04
2.57624883e-02 2.15814153e+04
2.57712871e-02 2.15772859e+04
2.57800891e-02 2.15731536e+04
2.57888943e-02 2.15690184e+04
2.57977027e-02 2.15648803e+04
2.58065144e-02 2.15607392e+04
2.58153293e-02 2.15565952e+04
2.58241474e-02 2.15524483e+04
2.58329687e-02 2.15482985e+04
2.58417934e-02 2.15441457e+04
2.58506212e-02 2.15399900e+04
2.58594524e-02 2.15358314e+04
2.58682867e-02 2.15316699e+04
2.58771244e-02 2.15275055e+04
2.58859654e-02 2.15233381e+04
2.58948096e-02 2.15191679e+04
2.59036571e-02 2.15149947e+04
2.59125079e-02 2.15108186e+04
2.59213620e-02 2.15066395e+04
2.59302194e-02 2.15024576e+04
2.59390801e-02 2.14982727e+04
2.59479442e-02 2.14940849e+04
2.59568115e-02 2.14898941e+04
2.59656822e-02 2.14857005e+04
2.59745563e-02 2.14815039e+04
2.59834336e-02 2.14773043e+04
2.59923143e-02 2.14731018e+04
2.60011984e-02 2.14688965e+04
2.60100858e-02 2.14646882e+04
2.60189766e-02 2.14604770e+04
2.60278708e-02 2.14562628e+04
2.60367683e-02 2.14520457e+04
2.60456692e-02 2.14478257e+04
2.60545735e-02 2.14436028e+04
2.60634812e-02 2.14393769e+04
2.60723923e-02 2.14351481e+04
2.60813068e-02 2.14309164e+04
2.60902247e-02 2.14266817e+04
2.60991460e-02 2.14224441e+04
2.61080708e-02 2.14182036e+04
2.61169989e-02 2.14139601e+04
2.61259305e-02 2.14097138e+04
2.61348656e-02 2.14054644e+04
2.61438041e-02 2.14012122e+04
2.61527460e-02 2.13969570e+04
2.61616915e-02 2.13926989e+04
2.61706403e-02 2.13884378e+04
2.61795927e-02 2.13841738e+04
2.61885485e-02 2.13799069e+04
2.61975078e-02 2.13756370e+04
2.62064706e-02 2.13713642e+04
2.62154369e-02 2.13670885e+04
2.62244067e-02 2.13628098e+04
2.62333800e-02 2.13585282e+04
2.62423568e-02 2.13542436e+04
2.62513372e-02 2.13499561e+04
2.62603210e-02 2.13456657e+04
2.62693084e-02 2.13413723e+04
2.62782994e-02 2.13370760e+04
2.62872938e-02 2.13327768e+04
2.62962919e-02 2.13284746e+04
2.63052935e-02 2.13241694e+04
2.63142986e-02 2.13198614e+04
2.63233074e-02 2.13155503e+04
2.63323197e-02 2.13112363e+04
2.63413356e-02 2.13069194e+04
2.63503551e-02 2.13025995e+04
2.63593781e-02 2.12982767e+04
2.63684048e-02 2.12939510e+04
2.63774351e-02 2.12896223e+04
2.63864690e-02 2.12852906e+04
2.63955065e-02 2.12809560e+04
2.64045477e-02 2.12766185e+04
2.64135925e-02 2.12722780e+04
2.64226409e-02 2.12679345e+04
2.64316930e-02 2.12635881e+04
2.64407488e-02 2.12592388e+04
2.64498082e-02 2.12548865e+04
2.64588712e-02 2.12505312e+04
2.64679380e-02 2.12461730e+04
2.64770084e-02 2.12418119e+04
2.64860825e-02 2.12374477e+04
2.64951603e-02 2.12330807e+04
2.65042418e-02 2.12287107e+04
2.65133271e-02 2.12243377e+04
2.65224160e-02 2.12199617e+04
2.65315086e-02 2.12155828e+04
2.65406050e-02 2.12112009e+04
2.65497051e-02 2.12068161e+04
2.65588090e-02 2.12024284e+04
2.65679166e-02 2.11980376e+04
2.65770280e-02 2.11936439e+04
2.65861431e-02 2.11892472e+04
2.65952620e-02 2.11848476e+04
2.66043847e-02 2.11804450e+04
2.66135111e-02 2.11760395e+04
2.66226414e-02 2.11716310e+04
2.66317754e-02 2.11672195e+04
2.66409132e-02 2.11628051e+04
2.66500549e-02 2.11583877e+04
2.66592004e-02 2.11539673e+04
2.66683496e-02 2.11495438e+04
2.66775028e-02 2.11451175e+04
2.66866597e-02 2.11406882e+04
2.66958205e-02 2.11362560e+04
2.67049852e-02 2.11318207e+04
2.67141537e-02 2.11273825e+04
2.67233261e-02 2.11229413e+04
2.67325024e-02 2.11184972e+04
2.67416825e-02 2.11140501e+04
2.67508665e-02 2.11096000e+04
2.67600544e-02 2.11051469e+04
2.67692463e-02 2.11006908e+04
2.67784420e-02 2.10962317e+04
2.67876416e-02 2.10917697e+04
2.67968452e-02 2.10873047e+04
2.68060527e-02 2.10828368e+04
2.68152641e-02 2.10783658e+04
2.68244795e-02 2.10738919e+04
2.68336989e-02 2.10694149e+04
2.68429222e-02 2.10649350e+04
2.68521494e-02 2.10604521e+04
2.68613807e-02 2.10559662e+04
2.68706159e-02 2.10514773e+04
2.68798551e-02 2.10469855e+04
2.68890983e-02 2.10424906e+04
2.68983455e-02 2.10379928e+04
2.69075967e-02 2.10334919e+04
2.69168519e-02 2.10289881e+04
2.69261112e-02 2.10244813e+04
2.69353745e-02 2.10199715e+04
2.69446418e-02 2.10154587e+04
2.69539132e-02 2.10109429e+04
2.69631887e-02 2.10064241e+04
2.69724682e-02 2.10019024e+04
2.69817518e-02 2.09973776e+04
2.69910394e-02 2.09928498e+04
2.70003312e-02 2.09883190e+04
2.70096270e-02 2.09837851e+04
2.70189269e-02 2.09792484e+04
2.70282310e-02 2.09747086e+04
2.70375392e-02 2.09701658e+04
2.70468515e-02 2.09656200e+04
2.70561679e-02 2.09610712e+04
2.70654884e-02 2.09565194e+04
2.70748132e-02 2.09519646e+04
2.70841420e-02 2.09474067e+04
2.70934751e-02 2.09428459e+04
2.71028123e-02 2.09382820e+04
2.71121536e-02 2.09337152e+04
2.71214992e-02 2.09291453e+04
2.71308490e-02 2.09245724e+04
2.71402030e-02 2.09199965e+04
2.71495611e-02 2.09154175e+04
2.71589235e-02 2.09108356e+04
2.71682902e-02 2.09062507e+04
2.71776610e-02 2.09016627e+04
2.71870361e-02 2.08970717e+04
2.71964155e-02 2.08924777e+04
2.72057991e-02 2.08878807e+04
2.72151870e-02 2.08832805e+04
2.72245792e-02 2.08786774e+04
2.72339756e-02 2.08740713e+04
2.72433763e-02 2.08694621e+04
2.72527814e-02 2.08648499e+04
2.72621907e-02 2.08602347e+04
2.72716044e-02 2.08556165e+04
2.72810223e-02 2.08509952e+04
2.72904447e-02 2.08463709e+04
2.72998713e-02 2.08417436e+04
2.73093023e-02 2.08371132e+04
2.73187377e-02 2.08324798e+04
2.73281774e-02 2.08278434e+04
2.73376215e-02 2.08232039e+04
2.73470700e-02 2.08185614e+04
2.73565229e-02 2.08139158e+04
2.73659801e-02 2.08092671e+04
2.73754418e-02 2.08046155e+04
2.73849079e-02 2.07999608e+04
2.73943785e-02 2.07953030e+04
2.74038534e-02 2.07906422e+04
2.74133328e-02 2.07859784e+04
2.74228167e-02 2.07813115e+04
2.74323050e-02 2.07766415e+04
2.74417977e-02 2.07719685e+04
2.74512950e-02 2.07672925e+04
2.74607967e-02 2.07626134e+04
2.74703030e-02 2.07579312e+04
2.74798137e-02 2.07532460e+04
2.74893289e-02 2.07485577e+04
2.74988487e-02 2.07438663e+04
2.75083730e-02 2.07391719e+04
2.75179018e-02 2.07344745e+04
2.75274352e-02 2.07297739e+04
2.75369731e-02 2.07250703e+04
2.75465156e-02 2.07203637e+04
2.75560627e-02 2.07156539e+04
2.75656144e-02 2.07109411e+04
2.75751706e-02 2.07062252e+04
2.75847314e-02 2.07015062e+04
2.75942969e-02 2.06967842e+04
2.76038669e-02 2.06920591e+04
2.76134416e-02 2.06873309e+04
2.76230210e-02 2.06825996e+04
2.76326049e-02 2.06778653e+04
2.76421936e-02 2.06731279e+04
2.76517868e-02 2.06683874e+04
2.76613848e-02 2.06636438e+04
2.76709874e-02 2.06588971e+04
2.76805948e-02 2.06541474e+04
2.76902068e-02 2.06493945e+04
2.76998235e-02 2.06446386e+04
2.77094450e-02 2.06398795e+04
2.77190712e-02 2.06351174e+04
2.77287021e-02 2.06303521e+04
2.77383378e-02 2.06255838e+04
2.77479782e-02 2.06208124e+04
2.77576234e-02 2.06160379e+04
2.77672733e-02 2.06112603e+04
2.77769281e-02 2.06064796e+04
2.77865876e-02 2.06016958e+04
2.77962519e-02 2.05969089e+04
2.78059211e-02 2.05921188e+04
2.78155951e-02 2.05873256e+04
2.78252739e-02 2.05825294e+04
2.78349575e-02 2.05777300e+04
2.78446460e-02 2.05729276e+04
2.78543394e-02 2.05681220e+04
2.78640376e-02 2.05633133e+04
2.78737407e-02 2.05585015e+04
2.78834487e-02 2.05536865e+04
2.78931616e-02 2.05488685e+04
2.79028794e-02 2.05440473e+04
2.79126021e-02 2.05392229e+04
2.79223297e-02 2.05343955e+04
2.79320623e-02 2.05295649e+04
2.79417999e-02 2.05247312e+04
2.79515424e-02 2.05198944e+04
2.79612898e-02 2.05150544e+04
2.79710422e-02 2.05102113e+04
2.79807997e-02 2.05053651e+04
2.79905621e-02 2.05005157e+04
2.80003295e-02 2.04956632e+04
2.80101020e-02 2.04908076e+04
2.80198795e-02 2.04859488e+04
2.80296620e-02 2.04810869e+04
2.80394495e-02 2.04762218e+04
2.80492422e-02 2.04713536e+04
2.80590399e-02 2.04664821e+04
2.80688426e-02 2.04616076e+04
2.80786505e-02 2.04567299e+04
2.80884634e-02 2.04518491e+04
2.80982815e-02 2.04469651e+04
2.81081047e-02 2.04420779e+04
2.81179330e-02 2.04371876e+04
2.81277665e-02 2.04322941e+04
2.81376051e-02 2.04273975e+04
2.81474489e-02 2.04224977e+04
2.81572978e-02 2.04175947e+04
2.81671520e-02 2.04126885e+04
2.81770113e-02 2.04077792e+04
2.81868758e-02 2.04028667e+04
2.81967456e-02 2.03979510e+04
2.82066206e-02 2.03930322e+04
2.82165008e-02 2.03881101e+04
2.82263862e-02 2.03831849e+04
2.82362770e-02 2.03782565e+04
2.82461729e-02 2.03733250e+04
2.82560742e-02 2.03683902e+04
2.82659808e-02 2.03634522e+04
2.82758926e-02 2.03585111e+04
2.82858098e-02 2.03535667e+04
2.82957323e-02 2.03486192e+04
2.83056601e-02 2.03436684e+04
2.83155933e-02 2.03387145e+04
2.83255318e-02 2.03337574e+04
2.83354757e-02 2.03287971e+04
2.83454250e-02 2.03238335e+04
2.83553797e-02 2.03188668e+04
2.83653397e-02 2.03138968e+04
2.83753052e-02 2.03089237e+04
2.83852761e-02 2.03039473e+04
2.83952524e-02 2.02989677e+04
2.84052342e-02 2.02939849e+04
2.84152215e-02 2.02889988e+04
2.84252142e-02 2.02840095e+04
2.84352123e-02 2.02790171e+04
2.84452160e-02 2.02740214e+04
2.84552252e-02 2.02690224e+04
2.84652399e-02 2.02640203e+04
2.84752601e-02 2.02590149e+04
2.84852859e-02 2.02540063e+04
2.84953172e-02 2.02489944e+04
2.85053541e-02 2.02439793e+04
2.85153965e-02 2.02389610e+04
2.85254445e-02 2.02339394e+04
2.85354981e-02 2.02289145e+04
2.85455574e-02 2.02238865e+04
2.85556222e-02 2.02188551e+04
2.85656927e-02 2.02138206e+04
2.85757688e-02 2.02087828e+04
2.85858506e-02 2.02037417e+04
2.85959380e-02 2.01986973e+04
2.86060311e-02 2.01936497e+04
2.86161300e-02 2.01885988e+04
2.86262345e-02 2.01835447e+04
2.86363447e-02 2.01784873e+04
2.86464607e-02 2.01734266e+04
2.86565823e-02 2.01683627e+04
2.86667098e-02 2.01632955e+04
2.86768430e-02 2.01582250e+04
2.86869820e-02 2.01531512e+04
2.86971268e-02 2.01480742e+04
2.87072773e-02 2.01429938e+04
2.87174337e-02 2.01379102e+04
2.87275959e-02 2.01328233e+04
2.87377640e-02 2.01277331e+04
2.87479379e-02 2.01226396e+04
2.87581176e-02 2.01175428e+04
2.87683033e-02 2.01124426e+04
2.87784948e-02 2.01073393e+04
2.87886922e-02 2.01022326e+04
2.87988956e-02 2.00971226e+04
2.88091048e-02 2.00920093e+04
2.88193200e-02 2.00868927e+04
2.88295412e-02 2.00817728e+04
2.88397683e-02 2.00766495e+04
2.88500014e-02 2.00715230e+04
2.88602405e-02 2.00663931e+04
2.88704855e-02 2.00612599e+04
2.88807366e-02 2.00561233e+04
2.88909938e-02 2.00509835e+04
2.89012569e-02 2.00458403e+04
2.89115262e-02 2.00406938e+04
2.89218015e-02 2.00355439e+04
2.89320828e-02 2.00303907e+04
2.89423703e-02 2.00252342e+04
2.89526639e-02 2.00200743e+04
2.89629636e-02 2.00149111e+04
2.89732694e-02 2.00097445e+04
2.89835814e-02 2.00045746e+04
2.89938995e-02 1.99994013e+04
2.90042238e-02 1.99942247e+04
2.90145543e-02 1.99890447e+04
2.90248910e-02 1.99838613e+04
2.90352340e-02 1.99786746e+04
2.90455831e-02 1.99734845e+04
2.90559385e-02 1.99682911e+04
2.90663001e-02 1.99630943e+04
2.90766680e-02 1.99578941e+04
2.90870422e-02 1.99526905e+04
2.90974227e-02 1.99474835e+04
2.91078095e-02 1.99422732e+04
2.91182027e-02 1.99370595e+04
2.91286021e-02 1.99318422e+04
2.91390080e-02 1.99266218e+04
2.91494201e-02 1.99213979e+04
2.91598387e-02 1.99161705e+04
2.91702637e-02 1.99109398e+04
2.91806950e-02 1.99057057e+04
2.91911328e-02 1.99004682e+04
2.92015771e-02 1.98952273e+04
2.92120278e-02 1.98899830e+04
2.92224849e-02 1.98847352e+04
2.92329485e-02 1.98794841e+04
2.92434187e-02 1.98742294e+04
2.92538953e-02 1.98689714e+04
2.92643785e-02 1.98637100e+04
2.92748682e-02 1.98584451e+04
2.92853644e-02 1.98531768e+04
2.92958673e-02 1.98479051e+04
2.93063767e-02 1.98426299e+04
2.93168927e-02 1.98373513e+04
2.93274153e-02 1.98320692e+04
2.93379445e-02 1.98267837e+04
2.93484804e-02 1.98214947e+04
2.93590229e-02 1.98162023e+04
2.93695722e-02 1.98109064e+04
2.93801281e-02 1.98056071e+04
2.93906907e-02 1.98003043e+04
2.94012600e-02 1.97949980e+04
2.94118360e-02 1.97896883e+04
2.94224188e-02 1.97843751e+04
2.94330084e-02 1.97790584e+04
2.94436047e-02 1.97737383e+04
2.94542079e-02 1.97684146e+04
2.94648178e-02 1.97630875e+04
2.94754346e-02 1.97577569e+04
2.94860582e-02 1.97524228e+04
2.94966886e-02 1.97470851e+04
2.95073260e-02 1.97417441e+04
2.95179702e-02 1.97363995e+04
2.95286213e-02 1.97310514e+04
2.95392794e-02 1.97256998e+04
2.95499443e-02 1.97203446e+04
2.95606163e-02 1.97149860e+04
2.95712951e-02 1.97096239e+04
2.95819810e-02 1.97042582e+04
2.95926739e-02 1.96988890e+04
2.96033738e-02 1.96935162e+04
2.96140807e-02 1.96881400e+04
2.96247947e-02 1.96827602e+04
2.96355157e-02 1.96773769e+04
2.96462438e-02 1.96719900e+04
2.96569790e-02 1.96665996e+04
2.96677213e-02 1.96612056e+04
2.96784707e-02 1.96558081e+04
2.96892273e-02 1.96504071e+04
2.96999910e-02 1.96450025e+04
2.97107620e-02 1.96395942e+04
2.97215401e-02 1.96341825e+04
2.97323254e-02 1.96287671e+04
2.97431179e-02 1.96233483e+04
2.97539177e-02 1.96179258e+04
2.97647248e-02 1.96124997e+04
2.97755391e-02 1.96070701e+04
2.97863608e-02 1.96016369e+04
2.97971897e-02 1.95962001e+04
2.98080260e-02 1.95907597e+04
2.98188696e-02 1.95853157e+04
2.98297206e-02 1.95798681e+04
2.98405789e-02 1.95744169e+04
2.98514447e-02 1.95689621e+04
2.98623179e-02 1.95635037e+04
2.98731985e-02 1.95580415e+04
2.98840866e-02 1.95525759e+04
2.98949821e-02 1.95471066e+04
2.99058851e-02 1.95416337e+04
2.99167956e-02 1.95361571e+04
2.99277137e-02 1.95306769e+04
2.99386392e-02 1.95251931e+04
2.99495724e-02 1.95197057e+04
2.99605131e-02 1.95142146e+04
2.99714614e-02 1.95087198e+04
2.99824173e-02 1.95032214e+04
2.99933808e-02 1.94977193e+04
3.00043520e-02 1.94922136e+04
3.00153309e-02 1.94867042e+04
3.00263174e-02 1.94811911e+04
3.00373117e-02 1.94756744e+04
3.00483136e-02 1.94701540e+04
3.00593233e-02 1.94646299e+04
3.00703408e-02 1.94591021e+04
3.00813660e-02 1.94535706e+04
3.00923990e-02 1.94480354e+04
3.01034399e-02 1.94424966e+04
3.01144886e-02 1.94369540e+04
3.01255451e-02 1.94314077e+04
3.01366095e-02 1.94258578e+04
3.01476817e-02 1.94203041e+04
3.01587619e-02 1.94147467e+04
3.01698501e-02 1.94091856e+04
3.01809461e-02 1.94036207e+04
3.01920501e-02 1.93980521e+04
3.02031621e-02 1.93924798e+04
3.02142822e-02 1.93869038e+04
3.02254102e-02 1.93813239e+04
3.02365463e-02 1.93757404e+04
3.02476904e-02 1.93701531e+04
3.02588426e-02 1.93645620e+04
3.02700030e-02 1.93589672e+04
3.02811714e-02 1.93533686e+04
3.02923480e-02 1.93477663e+04
3.03035328e-02 1.93421602e+04
3.03147257e-02 1.93365503e+04
3.03259268e-02 1.93309366e+04
3.03371362e-02 1.93253192e+04
3.03483538e-02 1.93196979e+04
3.03595796e-02 1.93140729e+04
3.03708137e-02 1.93084440e+04
3.03820562e-02 1.93028114e+04
3.03933069e-02 1.92971749e+04
3.04045660e-02 1.92915347e+04
3.04158335e-02 1.92858906e+04
3.04271094e-02 1.92802427e+04
3.04383936e-02 1.92745910e+04
3.04496863e-02 1.92689355e+04
3.04609874e-02 1.92632760e+04
3.04722970e-02 1.92576128e+04
3.04836151e-02 1.92519457e+04
3.04949417e-02 1.92462748e+04
3.05062769e-02 1.92406000e+04
3.05176205e-02 1.92349214e+04
3.05289728e-02 1.92292389e+04
3.05403336e-02 1.92235525e+04
3.05517031e-02 1.92178623e+04
3.05630812e-02 1.92121682e+04
3.05744680e-02 1.92064702e+04
3.05858634e-02 1.92007683e+04
3.05972676e-02 1.91950626e+04
3.06086804e-02 1.91893529e+04
3.06201021e-02 1.91836394e+04
3.06315325e-02 1.91779218e+04
3.06429716e-02 1.91722005e+04
3.06544196e-02 1.91664752e+04
3.06658765e-02 1.91607460e+04
3.06773422e-02 1.91550128e+04
3.06888167e-02 1.91492758e+04
3.07003002e-02 1.91435348e+04
3.07117926e-02 1.91377898e+04
3.07232939e-02 1.91320410e+04
3.07348043e-02 1.91262881e+04
3.07463236e-02 1.91205313e+04
3.07578519e-02 1.91147706e+04
3.07693893e-02 1.91090059e+04
3.07809357e-02 1.91032372e+04
3.07924912e-02 1.90974645e+04
3.08040558e-02 1.90916879e+04
3.08156296e-02 1.90859073e+04
3.08272125e-02 1.90801227e+04
3.08388046e-02 1.90743341e+04
3.08504059e-02 1.90685415e+04
3.08620164e-02 1.90627448e+04
3.08736362e-02 1.90569442e+04
3.08852653e-02 1.90511396e+04
3.08969036e-02 1.90453309e+04
3.09085513e-02 1.90395182e+04
3.09202083e-02 1.90337015e+04
3.09318747e-02 1.90278807e+04
3.09435505e-02 1.90220559e+04
3.09552357e-02 1.90162271e+04
3.09669303e-02 1.90103942e+04
3.09786344e-02 1.90045572e+04
3.09903480e-02 1.89987162e+04
3.10020712e-02 1.89928711e+04
3.10138038e-02 1.89870219e+04
3.10255461e-02 1.89811687e+04
3.10372979e-02 1.89753113e+04
3.10490593e-02 1.89694499e+04
3.10608304e-02 1.89635843e+04
3.10726112e-02 1.89577147e+04
3.10844016e-02 1.89518410e+04
3.10962018e-02 1.89459631e+04
3.11080117e-02 1.89400811e+04
3.11198314e-02 1.89341950e+04
3.11316609e-02 1.89283048e+04
3.11435002e-02 1.89224104e+04
3.11553493e-02 1.89165119e+04
3.11672084e-02 1.89106092e+04
3.11790773e-02 1.89047024e+04
3.11909562e-02 1.88987914e+04
3.12028450e-02 1.88928763e+04
3.12147437e-02 1.88869570e+04
3.12266525e-02 1.88810335e+04
3.12385714e-02 1.88751058e+04
3.12505002e-02 1.88691739e+04
3.12624392e-02 1.88632378e+04
3.12743883e-02 1.88572975e+04
3.12863475e-02 1.88513531e+04
3.12983169e-02 1.88454044e+04
3.13102965e-02 1.88394515e+04
3.13222863e-02 1.88334943e+04
3.13342864e-02 1.88275329e+04
3.13462967e-02 1.88215673e+04
3.13583173e-02 1.88155975e+04
3.13703483e-02 1.88096234e+04
3.13823896e-02 1.88036450e+04
3.13944414e-02 1.87976624e+04
3.14065035e-02 1.87916755e+04
3.14185761e-02 1.87856843e+04
3.14306591e-02 1.87796889e+04
3.14427527e-02 1.87736891e+04
3.14548568e-02 1.87676850e+04
3.14669714e-02 1.87616767e+04
3.14790967e-02 1.87556641e+04
3.14912325e-02 1.87496471e+04
3.15033790e-02 1.87436258e+04
3.15155362e-02 1.87376002e+04
3.15277041e-02 1.87315703e+04
3.15398827e-02 1.87255360e+04
3.15520721e-02 1.87194974e+04
3.15642723e-02 1.87134543e+04
3.15764833e-02 1.87074070e+04
3.15887051e-02 1.87013553e+04
3.16009378e-02 1.86952992e+04
3.16131815e-02 1.86892388e+04
3.16254361e-02 1.86831739e+04
3.16377016e-02 1.86771047e+04
3.16499782e-02 1.86710310e+04
3.16622658e-02 1.86649530e+04
3.16745645e-02 1.86588705e+04
3.16868742e-02 1.86527836e+04
3.16991951e-02 1.86466923e+04
3.17115271e-02 1.86405965e+04
3.17238704e-02 1.86344963e+04
3.17362248e-02 1.86283917e+04
3.17485905e-02 1.86222826e+04
3.17609675e-02 1.86161690e+04
3.17733558e-02 1.86100510e+04
3.17857555e-02 1.86039285e+04
3.17981665e-02 1.85978015e+04
3.18105889e-02 1.85916701e+04
3.18230228e-02 1.85855341e+04
3.18354682e-02 1.85793937e+04
3.18479250e-02 1.85732486e+04
3.18603934e-02 1.85670991e+04
3.18728734e-02 1.85609450e+04
3.18853650e-02 1.85547865e+04
3.18978682e-02 1.85486233e+04
3.19103831e-02 1.85424557e+04
3.19229097e-02 1.85362835e+04
3.19354480e-02 1.85301067e+04
3.19479981e-02 1.85239253e+04
3.19605600e-02 1.85177394e+04
3.19731338e-02 1.85115489e+04
3.19857194e-02 1.85053537e+04
3.19983169e-02 1.84991540e+04
3.20109264e-02 1.84929497e+04
3.20235479e-02 1.84867408e+04
3.20361813e-02 1.84805272e+04
3.20488268e-02 1.84743090e+04
3.20614844e-02 1.84680862e+04
3.20741541e-02 1.84618586e+04
3.20868360e-02 1.84556265e+04
3.20995300e-02 1.84493897e+04
3.21122363e-02 1.84431482e+04
3.21249548e-02 1.84369021e+04
3.21376856e-02 1.84306512e+04
3.21504287e-02 1.84243957e+04
3.21631842e-02 1.84181355e+04
3.21759521e-02 1.84118705e+04
3.21887324e-02 1.84056009e+04
3.22015252e-02 1.83993265e+04
3.22143305e-02 1.83930474e+04
3.22271484e-02 1.83867635e+04
3.22399788e-02 1.83804749e+04
3.22528219e-02 1.83741814e+04
3.22656776e-02 1.83678833e+04
3.22785460e-02 1.83615804e+04
3.22914272e-02 1.83552726e+04
3.23043211e-02 1.83489601e+04
3.23172278e-02 1.83426428e+04
3.23301474e-02 1.83363207e+04
3.23430798e-02 1.83299938e+04
3.23560252e-02 1.83236620e+04
3.23689836e-02 1.83173255e+04
3.23819549e-02 1.83109840e+04
3.23949393e-02 1.83046377e+04
3.24079367e-02 1.82982865e+04
3.24209473e-02 1.82919305e+04
3.24339710e-02 1.82855696e+04
3.24470079e-02 1.82792038e+04
3.24600581e-02 1.82728332e+04
3.24731215e-02 1.82664576e+04
3.24861982e-02 1.82600770e+04
3.24992883e-02 1.82536916e+04
3.25123918e-02 1.82473013e+04
3.25255087e-02 1.82409060e+04
3.25386391e-02 1.82345057e+04
3.25517830e-02 1.82281005e+04
3.25649405e-02 1.82216903e+04
3.25781116e-02 1.82152752e+04
3.25912963e-02 1.82088551e+04
3.26044947e-02 1.82024299e+04
3.26177068e-02 1.81959998e+04
3.26309327e-02 1.81895647e+04
3.26441724e-02 1.81831245e+04
3.26574260e-02 1.81766793e+04
3.26706934e-02 1.81702290e+04
3.26839748e-02 1.81637737e+04
3.26972701e-02 1.81573134e+04
3.27105795e-02 1.81508480e+04
3.27239030e-02 1.81443775e+04
3.27372405e-02 1.81379019e+04
3.27505922e-02 1.81314212e+04
3.27639581e-02 1.81249354e+04
3.27773383e-02 1.81184445e+04
3.27907327e-02 1.81119484e+04
3.28041415e-02 1.81054472e+04
3.28175646e-02 1.80989409e+04
3.28310022e-02 1.80924294e+04
3.28444542e-02 1.80859128e+04
3.28579207e-02 1.80793910e+04
3.28714018e-02 1.80728640e+04
3.28848975e-02 1.80663318e+04
3.28984078e-02 1.80597943e+04
3.29119328e-02 1.80532517e+04
3.29254726e-02 1.80467038e+04
3.29390272e-02 1.80401507e+04
3.29525965e-02 1.80335924e+04
3.29661808e-02 1.80270287e+04
3.29797800e-02 1.80204599e+04
3.29933942e-02 1.80138857e+04
3.30070233e-02 1.80073063e+04
3.30206676e-02 1.80007215e+04
3.30343270e-02 1.79941315e+04
3.30480015e-02 1.79875361e+04
3.30616913e-02 1.79809354e+04
3.30753963e-02 1.79743294e+04
3.30891166e-02 1.79677179e+04
3.31028523e-02 1.79611012e+04
3.31166034e-02 1.79544790e+04
3.31303700e-02 1.79478515e+04
3.31441521e-02 1.79412186e+04
3.31579497e-02 1.79345803e+04
3.31717629e-02 1.79279366e+04
3.31855918e-02 1.79212874e+04
3.31994365e-02 1.79146328e+04
3.32132968e-02 1.79079727e+04
3.32271730e-02 1.79013072e+04
3.32410651e-02 1.78946362e+04
3.32549731e-02 1.78879597e+04
3.32688970e-02 1.78812777e+04
3.32828370e-02 1.78745903e+04
3.32967931e-02 1.78678973e+04
3.33107652e-02 1.78611987e+04
3.33247536e-02 1.78544947e+04
3.33387582e-02 1.78477850e+04
3.33527791e-02 1.78410698e+04
3.33668163e-02 1.78343491e+04
3.33808699e-02 1.78276227e+04
3.33949400e-02 1.78208907e+04
3.34090266e-02 1.78141532e+04
3.34231297e-02 1.78074100e+04
3.34372494e-02 1.78006612e+04
3.34513859e-02 1.77939067e+04
3.34655390e-02 1.77871466e+04
3.34797089e-02 1.77803808e+04
3.34938957e-02 1.77736093e+04
3.35080993e-02 1.77668320e+04
3.35223199e-02 1.77600492e+04
3.35365576e-02 1.77532605e+04
3.35508122e-02 1.77464662e+04
3.35650840e-02 1.77396661e+04
3.35793730e-02 1.77328603e+04
3.35936792e-02 1.77260487e+04
3.36080028e-02 1.77192313e+04
3.36223436e-02 1.77124081e+04
3.36367019e-02 1.77055790e+04
3.36510777e-02 1.76987442e+04
3.36654710e-02 1.76919036e+04
3.36798819e-02 1.76850571e+04
3.36943104e-02 1.76782047e+04
3.37087567e-02 1.76713465e+04
3.37232207e-02 1.76644823e+04
3.37377026e-02 1.76576123e+04
3.37522023e-02 1.76507364e+04
3.37667201e-02 1.76438545e+04
3.37812558e-02 1.76369667e+04
3.37958097e-02 1.76300730e+04
3.38103816e-02 1.76231733e+04
3.38249718e-02 1.76162676e+04
3.38395803e-02 1.76093559e+04
3.38542071e-02 1.76024382e+04
3.38688523e-02 1.75955145e+04
3.38835159e-02 1.75885848e+04
3.38981981e-02 1.75816490e+04
3.39128989e-02 1.75747072e+04
3.39276183e-02 1.75677592e+04
3.39423565e-02 1.75608052e+04
3.39571135e-02 1.75538451e+04
3.39718893e-02 1.75468789e+04
3.39866840e-02 1.75399065e+04
3.40014977e-02 1.75329280e+04
3.40163305e-02 1.75259434e+04
3.40311824e-02 1.75189526e+04
3.40460535e-02 1.75119555e+04
3.40609439e-02 1.75049523e+04
3.40758536e-02 1.74979429e+04
3.40907827e-02 1.74909272e+04
3.41057312e-02 1.74839053e+04
3.41206993e-02 1.74768772e+04
3.41356870e-02 1.74698427e+04
3.41506944e-02 1.74628020e+04
3.41657215e-02 1.74557549e+04
3.41807685e-02 1.74487016e+04
3.41958353e-02 1.74416419e+04
3.42109221e-02 1.74345759e+04
3.42260290e-02 1.74275035e+04
3.42411559e-02 1.74204247e+04
3.42563031e-02 1.74133395e+04
3.42714705e-02 1.74062479e+04
3.42866582e-02 1.73991499e+04
3.43018663e-02 1.73920455e+04
3.43170949e-02 1.73849345e+04
3.43323441e-02 1.73778171e+04
3.43476139e-02 1.73706932e+04
3.43629044e-02 1.73635629e+04
3.43782156e-02 1.73564259e+04
3.43935478e-02 1.73492825e+04
3.44089008e-02 1.73421325e+04
3.44242749e-02 1.73349760e+04
3.44396701e-02 1.73278128e+04
3.44550864e-02 1.73206430e+04
3.44705240e-02 1.73134667e+04
3.44859829e-02 1.73062837e+04
3.45014633e-02 1.72990940e+04
3.45169651e-02 1.72918977e+04
3.45324884e-02 1.72846947e+04
3.45480335e-02 1.72774850e+04
3.45636002e-02 1.72702685e+04
3.45791888e-02 1.72630454e+04
3.45947992e-02 1.72558155e+04
3.46104317e-02 1.72485788e+04
3.46260862e-02 1.72413353e+04
3.46417628e-02 1.72340851e+04
3.46574617e-02 1.72268280e+04
3.46731829e-02 1.72195640e+04
3.46889264e-02 1.72122933e+04
3.47046925e-02 1.72050156e+04
3.47204811e-02 1.71977310e+04
3.47362924e-02 1.71904395e+04
3.47521264e-02 1.71831412e+04
3.47679833e-02 1.71758358e+04
3.47838631e-02 1.71685235e+04
3.47997659e-02 1.71612043e+04
3.48156917e-02 1.71538780e+04
3.48316408e-02 1.71465447e+04
3.48476131e-02 1.71392043e+04
3.48636088e-02 1.71318570e+04
3.48796280e-02 1.71245025e+04
3.48956707e-02 1.71171410e+04
3.49117370e-02 1.71097723e+04
3.49278271e-02 1.71023965e+04
3.49439410e-02 1.70950136e+04
3.49600789e-02 1.70876235e+04
3.49762407e-02 1.70802262e+04
3.49924267e-02 1.70728217e+04
3.50086368e-02 1.70654100e+04
3.50248713e-02 1.70579910e+04
3.50411301e-02 1.70505648e+04
3.50574134e-02 1.70431313e+04
3.50737214e-02 1.70356904e+04
3.50900540e-02 1.70282423e+04
3.51064114e-02 1.70207868e+04
3.51227937e-02 1.70133239e+04
3.51392010e-02 1.70058537e+04
3.51556333e-02 1.69983761e+04
3.51720909e-02 1.69908910e+04
3.51885737e-02 1.69833985e+04
3.52050820e-02 1.69758986e+04
3.52216157e-02 1.69683911e+04
3.52381750e-02 1.69608762e+04
3.52547601e-02 1.69533537e+04
3.52713709e-02 1.69458236e+04
3.52880077e-02 1.69382860e+04
3.53046704e-02 1.69307409e+04
3.53213593e-02 1.69231881e+04
3.53380744e-02 1.69156276e+04
3.53548159e-02 1.69080595e+04
3.53715838e-02 1.69004838e+04
3.53883783e-02 1.68929003e+04
3.54051994e-02 1.68853091e+04
3.54220473e-02 1.68777102e+04
3.54389221e-02 1.68701035e+04
3.54558239e-02 1.68624890e+04
3.54727528e-02 1.68548668e+04
3.54897089e-02 1.68472367e+04
3.55066924e-02 1.68395987e+04
3.55237033e-02 1.68319529e+04
3.55407418e-02 1.68242991e+04
3.55578080e-02 1.68166374e+04
3.55749020e-02 1.68089678e+04
3.55920239e-02 1.68012903e+04
3.56091739e-02 1.67936047e+04
3.56263520e-02 1.67859111e+04
3.56435583e-02 1.67782095e+04
3.56607931e-02 1.67704999e+04
3.56780564e-02 1.67627821e+04
3.56953483e-02 1.67550562e+04
3.57126690e-02 1.67473222e+04
3.57300186e-02 1.67395801e+04
3.57473972e-02 1.67318298e+04
3.57648049e-02 1.67240712e+04
3.57822419e-02 1.67163045e+04
3.57997082e-02 1.67085294e+04
3.58172041e-02 1.67007461e+04
3.58347296e-02 1.66929545e+04
3.58522849e-02 1.66851546e+04
3.58698701e-02 1.66773463e+04
3.58874854e-02 1.66695296e+04
3.59051308e-02 1.66617046e+04
3.59228064e-02 1.66538711e+04
3.59405126e-02 1.66460291e+04
3.59582492e-02 1.66381787e+04
3.59760166e-02 1.66303197e+04
3.59938148e-02 1.66224522e+04
3.60116440e-02 1.66145762e+04
3.60295043e-02 1.66066915e+04
3.60473958e-02 1.65987983e+04
3.60653188e-02 1.65908964e+04
3.60832732e-02 1.65829859e+04
3.61012593e-02 1.65750666e+04
3.61192773e-02 1.65671387e+04
3.61373271e-02 1.65592020e+04
3.61554091e-02 1.65512565e+04
3.61735233e-02 1.65433022e+04
3.61916699e-02 1.65353391e+04
3.62098491e-02 1.65273671e+04
3.62280609e-02 1.65193862e+04
3.62463056e-02 1.65113964e+04
3.62645832e-02 1.65033977e+04
3.62828940e-02 1.64953900e+04
3.63012380e-02 1.64873733e+04
3.63196155e-02 1.64793475e+04
3.63380266e-02 1.64713127e+04
3.63564714e-02 1.64632689e+04
3.63749501e-02 1.64552159e+04
3.63934629e-02 1.64471537e+04
3.64120099e-02 1.64390824e+04
3.64305913e-02 1.64310019e+04
3.64492072e-02 1.64229121e+04
3.64678579e-02 1.64148130e+04
3.64865433e-02 1.64067047e+04
3.65052638e-02 1.63985871e+04
3.65240195e-02 1.63904600e+04
3.65428106e-02 1.63823236e+04
3.65616372e-02 1.63741778e+04
3.65804994e-02 1.63660225e+04
3.65993975e-02 1.63578578e+04
3.66183317e-02 1.63496835e+04
3.66373021e-02 1.63414997e+04
3.66563088e-02 1.63333063e+04
3.66753521e-02 1.63251032e+04
3.66944321e-02 1.63168906e+04
3.67135490e-02 1.63086682e+04
3.67327030e-02 1.63004362e+04
3.67518943e-02 1.62921944e+04
3.67711230e-02 1.62839428e+04
3.67903893e-02 1.62756815e+04
3.68096934e-02 1.62674103e+04
3.68290355e-02 1.62591292e+04
3.68484158e-02 1.62508382e+04
3.68678345e-02 1.62425372e+04
3.68872917e-02 1.62342263e+04
3.69067876e-02 1.62259054e+04
3.69263225e-02 1.62175744e+04
3.69458965e-02 1.62092333e+04
3.69655098e-02 1.62008822e+04
3.69851627e-02 1.61925208e+04
3.70048552e-02 1.61841493e+04
3.70245877e-02 1.61757675e+04
3.70443603e-02 1.61673755e+04
3.70641732e-02 1.61589732e+04
3.70840265e-02 1.61505606e+04
3.71039207e-02 1.61421376e+04
3.71238557e-02 1.61337042e+04
3.71438319e-02 1.61252603e+04
3.71638494e-02 1.61168060e+04
3.71839085e-02 1.61083411e+04
3.72040093e-02 1.60998657e+04
3.72241521e-02 1.60913797e+04
3.72443371e-02 1.60828830e+04
3.72645645e-02 1.60743757e+04
3.72848345e-02 1.60658577e+04
3.73051474e-02 1.60573289e+04
3.73255033e-02 1.60487893e+04
3.73459025e-02 1.60402389e+04
3.73663453e-02 1.60316776e+04
3.73868318e-02 1.60231055e+04
3.74073623e-02 1.60145223e+04
3.74279369e-02 1.60059282e+04
3.74485561e-02 1.59973231e+04
3.74692198e-02 1.59887069e+04
3.74899285e-02 1.59800795e+04
3.75106823e-02 1.59714410e+04
3.75314816e-02 1.59627914e+04
3.75523264e-02 1.59541305e+04
3.75732171e-02 1.59454582e+04
3.75941539e-02 1.59367747e+04
3.76151371e-02 1.59280798e+04
3.76361669e-02 1.59193735e+04
3.76572435e-02 1.59106558e+04
3.76783673e-02 1.59019265e+04
3.76995384e-02 1.58931857e+04
3.77207572e-02 1.58844334e+04
3.77420238e-02 1.58756694e+04
3.77633386e-02 1.58668937e+04
3.77847018e-02 1.58581063e+04
3.78061137e-02 1.58493071e+04
3.78275745e-02 1.58404961e+04
3.78490846e-02 1.58316733e+04
3.78706441e-02 1.58228385e+04
3.78922534e-02 1.58139918e+04
3.79139127e-02 1.58051332e+04
3.79356223e-02 1.57962624e+04
3.79573825e-02 1.57873796e+04
3.79791937e-02 1.57784846e+04
3.80010559e-02 1.57695774e+04
3.80229697e-02 1.57606581e+04
3.80449351e-02 1.57517264e+04
3.80669527e-02 1.57427823e+04
3.80890225e-02 1.57338259e+04
3.81111450e-02 1.57248571e+04
3.81333204e-02 1.57158758e+04
3.81555490e-02 1.57068819e+04
3.81778312e-02 1.56978754e+04
3.82001673e-02 1.56888563e+04
3.82225575e-02 1.56798245e+04
3.82450021e-02 1.56707800e+04
3.82675016e-02 1.56617227e+04
3.82900562e-02 1.56526525e+04
3.83126662e-02 1.56435694e+04
3.83353319e-02 1.56344734e+04
3.83580537e-02 1.56253643e+04
3.83808320e-02 1.56162422e+04
3.84036670e-02 1.56071070e+04
3.84265590e-02 1.55979586e+04
3.84495085e-02 1.55887970e+04
3.84725158e-02 1.55796221e+04
3.84955811e-02 1.55704338e+04
3.85187049e-02 1.55612322e+04
3.85418875e-02 1.55520170e+04
3.85651293e-02 1.55427884e+04
3.85884306e-02 1.55335462e+04
3.86117917e-02 1.55242904e+04
3.86352131e-02 1.55150209e+04
3.86586951e-02 1.55057376e+04
3.86822381e-02 1.54964406e+04
3.87058424e-02 1.54871297e+04
3.87295084e-02 1.54778048e+04
3.87532366e-02 1.54684660e+04
3.87770272e-02 1.54591131e+04
3.88008808e-02 1.54497461e+04
3.88247976e-02 1.54403649e+04
3.88487780e-02 1.54309695e+04
3.88728225e-02 1.54215598e+04
3.88969315e-02 1.54121357e+04
3.89211053e-02 1.54026972e+04
3.89453445e-02 1.53932442e+04
3.89696493e-02 1.53837766e+04
3.89940202e-02 1.53742945e+04
3.90184576e-02 1.53647976e+04
3.90429620e-02 1.53552860e+04
3.90675338e-02 1.53457596e+04
3.90921734e-02 1.53362182e+04
3.91168812e-02 1.53266620e+04
3.91416577e-02 1.53170906e+04
3.91665034e-02 1.53075042e+04
3.91914187e-02 1.52979027e+04
3.92164039e-02 1.52882859e+04
3.92414597e-02 1.52786538e+04
3.92665865e-02 1.52690063e+04
3.92917847e-02 1.52593433e+04
3.93170548e-02 1.52496649e+04
3.93423972e-02 1.52399708e+04
3.93678126e-02 1.52302611e+04
3.93933012e-02 1.52205356e+04
3.94188637e-02 1.52107943e+04
3.94445006e-02 1.52010372e+04
3.94702122e-02 1.51912640e+04
3.94959992e-02 1.51814748e+04
3.95218621e-02 1.51716695e+04
3.95478013e-02 1.51618480e+04
3.95738174e-02 1.51520102e+04
3.95999109e-02 1.51421561e+04
3.96260824e-02 1.51322855e+04
3.96523323e-02 1.51223984e+04
3.96786612e-02 1.51124947e+04
3.97050698e-02 1.51025743e+04
3.97315584e-02 1.50926372e+04
3.97581277e-02 1.50826832e+04
3.97847783e-02 1.50727123e+04
3.98115107e-02 1.50627243e+04
3.98383255e-02 1.50527193e+04
3.98652232e-02 1.50426971e+04
3.98922045e-02 1.50326576e+04
3.99192700e-02 1.50226008e+04
3.99464203e-02 1.50125265e+04
3.99736559e-02 1.50024347e+04
4.00009775e-02 1.49923252e+04
4.00283857e-02 1.49821981e+04
4.00558812e-02 1.49720531e+04
4.00834645e-02 1.49618902e+04
4.01111363e-02 1.49517094e+04
4.01388973e-02 1.49415105e+04
4.01667481e-02 1.49312934e+04
4.01946893e-02 1.49210580e+04
4.02227217e-02 1.49108042e+04
4.02508460e-02 1.49005320e+04
4.02790627e-02 1.48902413e+04
4.03073726e-02 1.48799318e+04
4.03357764e-02 1.48696036e+04
4.03642748e-02 1.48592566e+04
4.03928686e-02 1.48488906e+04
4.04215584e-02 1.48385055e+04
4.04503449e-02 1.48281013e+04
4.04792290e-02 1.48176778e+04
4.05082113e-02 1.48072349e+04
4.05372926e-02 1.47967726e+04
4.05664737e-02 1.47862907e+04
4.05957554e-02 1.47757890e+04
4.06251384e-02 1.47652676e+04
4.06546235e-02 1.47547263e+04
4.06842116e-02 1.47441650e+04
4.07139034e-02 1.47335835e+04
4.07436997e-02 1.47229818e+04
4.07736015e-02 1.47123597e+04
4.08036095e-02 1.47017171e+04
4.08337245e-02 1.46910540e+04
4.08639475e-02 1.46803702e+04
4.08942793e-02 1.46696655e+04
4.09247207e-02 1.46589399e+04
4.09552728e-02 1.46481932e+04
4.09859363e-02 1.46374254e+04
4.10167122e-02 1.46266363e+04
4.10476014e-02 1.46158257e+04
4.10786048e-02 1.46049936e+04
4.11097235e-02 1.45941398e+04
4.11409583e-02 1.45832642e+04
4.11723101e-02 1.45723666e+04
4.12037801e-02 1.45614471e+04
4.12353692e-02 1.45505053e+04
4.12670784e-02 1.45395412e+04
4.12989086e-02 1.45285546e+04
4.13308610e-02 1.45175454e+04
4.13629366e-02 1.45065135e+04
4.13951365e-02 1.44954588e+04
4.14274616e-02 1.44843810e+04
4.14599132e-02 1.44732801e+04
4.14924922e-02 1.44621559e+04
4.15251998e-02 1.44510083e+04
4.15580372e-02 1.44398371e+04
4.15910054e-02 1.44286422e+04
4.16241057e-02 1.44174234e+04
4.16573392e-02 1.44061806e+04
4.16907070e-02 1.43949136e+04
4.17242104e-02 1.43836223e+04
4.17578507e-02 1.43723066e+04
4.17916290e-02 1.43609662e+04
4.18255465e-02 1.43496010e+04
4.18596047e-02 1.43382109e+04
4.18938046e-02 1.43267957e+04
4.19281477e-02 1.43153552e+04
4.19626353e-02 1.43038893e+04
4.19972687e-02 1.42923978e+04
4.20320492e-02 1.42808805e+04
4.20669783e-02 1.42693373e+04
4.21020573e-02 1.42577680e+04
4.21372876e-02 1.42461724e+04
4.21726707e-02 1.42345504e+04
4.22082081e-02 1.42229018e+04
4.22439011e-02 1.42112263e+04
4.22797513e-02 1.41995239e+04
4.23157602e-02 1.41877943e+04
4.23519294e-02 1.41760373e+04
4.23882604e-02 1.41642528e+04
4.24247548e-02 1.41524406e+04
4.24614142e-02 1.41406004e+04
4.24982402e-02 1.41287322e+04
4.25352345e-02 1.41168356e+04
4.25723987e-02 1.41049105e+04
4.26097346e-02 1.40929568e+04
4.26472438e-02 1.40809741e+04
4.26849282e-02 1.40689623e+04
4.27227895e-02 1.40569212e+04
4.27608295e-02 1.40448506e+04
4.27990501e-02 1.40327502e+04
4.28374530e-02 1.40206199e+04
4.28760403e-02 1.40084594e+04
4.29148138e-02 1.39962685e+04
4.29537754e-02 1.39840470e+04
4.29929272e-02 1.39717947e+04
4.30322711e-02 1.39595113e+04
4.30718093e-02 1.39471966e+04
4.31115436e-02 1.39348504e+04
4.31514764e-02 1.39224724e+04
4.31916096e-02 1.39100624e+04
4.32319455e-02 1.38976201e+04
4.32724863e-02 1.38851454e+04
4.33132342e-02 1.38726380e+04
4.33541916e-02 1.38600975e+04
4.33953606e-02 1.38475238e+04
4.34367437e-02 1.38349166e+04
4.34783433e-02 1.38222756e+04
4.35201618e-02 1.38096006e+04
4.35622016e-02 1.37968913e+04
4.36044654e-02 1.37841474e+04
4.36469556e-02 1.37713687e+04
4.36896748e-02 1.37585548e+04
4.37326257e-02 1.37457056e+04
4.37758110e-02 1.37328206e+04
4.38192334e-02 1.37198997e+04
4.38628957e-02 1.37069425e+04
4.39068007e-02 1.36939487e+04
4.39509513e-02 1.36809180e+04
4.39953504e-02 1.36678502e+04
4.40400011e-02 1.36547448e+04
4.40849064e-02 1.36416016e+04
4.41300692e-02 1.36284203e+04
4.41754929e-02 1.36152006e+04
4.42211806e-02 1.36019420e+04
4.42671355e-02 1.35886444e+04
4.43133610e-02 1.35753073e+04
4.43598604e-02 1.35619303e+04
4.44066373e-02 1.35485133e+04
4.44536950e-02 1.35350557e+04
4.45010373e-02 1.35215572e+04
4.45486676e-02 1.35080176e+04
4.45965898e-02 1.34944363e+04
4.46448077e-02 1.34808131e+04
4.46933249e-02 1.34671475e+04
4.47421456e-02 1.34534392e+04
4.47912737e-02 1.34396878e+04
4.48407132e-02 1.34258928e+04
4.48904684e-02 1.34120539e+04
4.49405435e-02 1.33981706e+04
4.49909428e-02 1.33842426e+04
4.50416707e-02 1.33702694e+04
4.50927317e-02 1.33562506e+04
4.51441305e-02 1.33421857e+04
4.51958716e-02 1.33280743e+04
4.52479600e-02 1.33139160e+04
4.53004005e-02 1.32997102e+04
4.53531980e-02 1.32854566e+04
4.54063576e-02 1.32711546e+04
4.54598847e-02 1.32568038e+04
4.55137843e-02 1.32424036e+04
4.55680621e-02 1.32279537e+04
4.56227234e-02 1.32134533e+04
4.56777741e-02 1.31989022e+04
4.57332197e-02 1.31842996e+04
4.57890663e-02 1.31696451e+04
4.58453199e-02 1.31549382e+04
4.59019867e-02 1.31401782e+04
4.59590729e-02 1.31253647e+04
4.60165850e-02 1.31104970e+04
4.60745296e-02 1.30955745e+04
4.61329135e-02 1.30805967e+04
4.61917435e-02 1.30655630e+04
4.62510267e-02 1.30504727e+04
4.63107704e-02 1.30353252e+04
4.63709819e-02 1.30201199e+04
4.64316688e-02 1.30048561e+04
4.64928389e-02 1.29895331e+04
4.65545000e-02 1.29741502e+04
4.66166604e-02 1.29587069e+04
4.66793283e-02 1.29432023e+04
4.67425123e-02 1.29276357e+04
4.68062211e-02 1.29120064e+04
4.68704637e-02 1.28963137e+04
4.69352493e-02 1.28805567e+04
4.70005873e-02 1.28647347e+04
4.70664873e-02 1.28488470e+04
4.71329592e-02 1.28328926e+04
4.72000133e-02 1.28168707e+04
4.72676599e-02 1.28007806e+04
4.73359098e-02 1.27846212e+04
4.74047739e-02 1.27683918e+04
4.74742636e-02 1.27520914e+04
4.75443903e-02 1.27357191e+04
4.76151661e-02 1.27192740e+04
4.76866031e-02 1.27027550e+04
4.77587139e-02 1.26861612e+04
4.78315114e-02 1.26694915e+04
4.79050089e-02 1.26527449e+04
4.79792201e-02 1.26359203e+04
4.80541589e-02 1.26190167e+04
4.81298400e-02 1.26020330e+04
4.82062780e-02 1.25849678e+04
4.82834884e-02 1.25678202e+04
4.83614869e-02 1.25505889e+04
4.84402897e-02 1.25332726e+04
4.85199136e-02 1.25158700e+04
4.86003757e-02 1.24983800e+04
4.86816939e-02 1.24808010e+04
4.87638865e-02 1.24631318e+04
4.88469723e-02 1.24453710e+04
4.89309707e-02 1.24275170e+04
4.90159020e-02 1.24095684e+04
4.91017869e-02 1.23915237e+04
4.91886467e-02 1.23733812e+04
4.92765035e-02 1.23551394e+04
4.93653803e-02 1.23367966e+04
4.94553007e-02 1.23183510e+04
4.95462889e-02 1.22998009e+04
4.96383704e-02 1.22811445e+04
4.97315711e-02 1.22623798e+04
4.98259181e-02 1.22435049e+04
4.99214393e-02 1.22245178e+04
5.00181637e-02 1.22054165e+04
5.01161213e-02 1.21861987e+04
5.02153431e-02 1.21668623e+04
5.03158613e-02 1.21474050e+04
5.04177094e-02 1.21278244e+04
5.05209218e-02 1.21081180e+04
5.06255347e-02 1.20882834e+04
5.07315852e-02 1.20683178e+04
5.08391121e-02 1.20482186e+04
5.09481557e-02 1.20279829e+04
5.10587577e-02 1.20076078e+04
5.11709617e-02 1.19870903e+04
5.12848128e-02 1.19664271e+04
5.14003582e-02 1.19456149e+04
5.15176468e-02 1.19246504e+04
5.16367296e-02 1.19035300e+04
5.17576599e-02 1.18822498e+04
5.18804931e-02 1.18608062e+04
5.20052868e-02 1.18391949e+04
5.21321016e-02 1.18174117e+04
5.22610002e-02 1.17954523e+04
5.23920484e-02 1.17733120e+04
5.25253150e-02 1.17509860e+04
5.26608718e-02 1.17284691e+04
5.27987938e-02 1.17057560e+04
5.29391597e-02 1.16828412e+04
5.30820516e-02 1.16597188e+04
5.32275560e-02 1.16363825e+04
5.33757629e-02 1.16128259e+04
5.35267672e-02 1.15890422e+04
5.36806683e-02 1.15650240e+04
5.38375704e-02 1.15407637e+04
5.39975830e-02 1.15162533e+04
5.41608214e-02 1.14914843e+04
5.43274064e-02 1.14664474e+04
5.44974655e-02 1.14411332e+04
5.46711326e-02 1.14155314e+04
5.48485487e-02 1.13896312e+04
5.50298626e-02 1.13634209e+04
5.52152308e-02 1.13368884e+04
5.54048187e-02 1.13100203e+04
5.55988005e-02 1.12828028e+04
5.57973603e-02 1.12552206e+04
5.60006925e-02 1.12272577e+04
5.62090024e-02 1.11988968e+04
5.64225071e-02 1.11701193e+04
5.66414361e-02 1.11409051e+04
5.68660321e-02 1.11112327e+04
5.70965520e-02 1.10810788e+04
5.73332675e-02 1.10504182e+04
5.75764661e-02 1.10192238e+04
5.78264524e-02 1.09874661e+04
5.80835484e-02 1.09551129e+04
5.83480952e-02 1.09221297e+04
5.86204535e-02 1.08884786e+04
5.89010046e-02 1.08541184e+04
5.91901519e-02 1.08190043e+04
5.94883212e-02 1.07830873e+04
5.97959619e-02 1.07463140e+04
6.01135476e-02 1.07086261e+04
6.04415765e-02 1.06699597e+04
6.07805722e-02 1.06302449e+04
6.11310830e-02 1.05894056e+04
6.14936823e-02 1.05473583e+04
6.18689671e-02 1.05040117e+04
6.22575569e-02 1.04592665e+04
6.26600915e-02 1.04130142e+04
6.30772278e-02 1.03651366e+04
6.35096360e-02 1.03155059e+04
6.39579941e-02 1.02639835e+04
6.44229816e-02 1.02104202e+04
6.49052716e-02 1.01546562e+04
6.54055210e-02 1.00965211e+04
6.59243599e-02 1.00358348e+04
6.64623789e-02 9.97240858e+03
6.70201156e-02 9.90604684e+03
6.75980394e-02 9.83654942e+03
6.81965365e-02 9.76371482e+03
6.88158946e-02 9.68734404e+03
6.94562884e-02 9.60724540e+03
7.01177668e-02 9.52323994e+03
7.08002427e-02 9.43516756e+03
7.15034864e-02 9.34289358e+03
7.22271232e-02 9.24631546e+03
7.29706353e-02 9.14536942e+03
7.37333696e-02 9.04003646e+03
7.45145490e-02 8.93034759e+03
7.53132891e-02 8.81638779e+03
7.61286176e-02 8.69829843e+03
7.69594959e-02 8.57627811e+03
7.78048419e-02 8.45058167e+03
7.86635523e-02 8.32151745e+03
7.95345237e-02 8.18944299e+03
8.04166716e-02 8.05475940e+03
8.13089461e-02 7.91790468e+03
8.22103448e-02 7.77934622e+03
8.31199227e-02 7.63957298e+03
8.40367982e-02 7.49908743e+03
8.49601574e-02 7.35839768e+03
8.58892550e-02 7.21800990e+03
8.68234142e-02 7.07842136e+03
8.77620244e-02 6.94011396e+03
8.87045382e-02 6.80354866e+03
8.96504672e-02 6.66916058e+03
9.05993778e-02 6.53735493e+03
9.15508870e-02 6.40850369e+03
9.25046569e-02 6.28294307e+03
9.34603911e-02 6.16097168e+03
9.44178299e-02 6.04284930e+03
9.53767462e-02 5.92879631e+03
9.63369422e-02 5.81899361e+03
9.72982456e-02 5.71358305e+03
9.82605067e-02 5.61266818e+03
9.92235956e-02 5.51631543e+03
1.00187399e-01 5.42455549e+03
1.01151821e-01 5.33738499e+03
1.02116775e-01 5.25476826e+03
1.03082189e-01 5.17663937e+03
1.04048000e-01 5.10290411e+03
1.05014153e-01 5.03344217e+03
1.05980601e-01 4.96810930e+03
1.06947304e-01 4.90673950e+03
1.07914227e-01 4.84914723e+03
1.08881338e-01 4.79512968e+03
1.09848613e-01 4.74446893e+03
1.10816029e-01 4.69693419e+03
1.11783566e-01 4.65228399e+03
1.12751207e-01 4.61026838e+03
1.13718939e-01 4.57063110e+03
1.14686749e-01 4.53311169e+03
1.15654626e-01 4.49744771e+03
1.16622560e-01 4.46337679e+03
1.17590545e-01 4.43063873e+03
1.18558574e-01 4.39897756e+03
1.19526639e-01 4.36814349e+03
1.20494737e-01 4.33789486e+03
1.21462863e-01 4.30799998e+03
1.22431013e-01 4.27823886e+03
1.23399184e-01 4.24840484e+03
1.24367373e-01 4.21830610e+03
1.25335578e-01 4.18776699e+03
1.26303796e-01 4.15662921e+03
1.27272026e-01 4.12475284e+03
1.28240267e-01 4.09201708e+03
1.29208517e-01 4.05832088e+03
1.30176774e-01 4.02358329e+03
1.31145038e-01 3.98774362e+03
1.32113309e-01 3.95076138e+03
1.33081584e-01 3.91261597e+03
1.34049864e-01 3.87330617e+03
1.35018149e-01 3.83284940e+03
1.35986436e-01 3.79128086e+03
1.36954728e-01 3.74865240e+03
1.37923021e-01 3.70503127e+03
1.38891318e-01 3.66049874e+03
1.39859616e-01 3.61514861e+03
1.40827917e-01 3.56908557e+03
1.41796220e-01 3.52242361e+03
1.42764524e-01 3.47528426e+03
1.43732830e-01 3.42779487e+03
1.44701137e-01 3.38008695e+03
1.45669445e-01 3.33229446e+03
1.46637755e-01 3.28455220e+03
1.47606065e-01 3.23699425e+03
1.48574377e-01 3.18975250e+03
1.49542689e-01 3.14295532e+03
1.50511002e-01 3.09672629e+03
1.51479317e-01 3.05118309e+03
1.52447632e-01 3.00643652e+03
1.53415947e-01 2.96258961e+03
1.54384264e-01 2.91973693e+03
1.55352581e-01 2.87796395e+03
1.56320898e-01 2.83734665e+03
1.57289216e-01 2.79795112e+03
1.58257535e-01 2.75983333e+03
1.59225854e-01 2.72303910e+03
1.60194174e-01 2.68760399e+03
1.61162495e-01 2.65355349e+03
1.62130816e-01 2.62090308e+03
1.63099137e-01 2.58965858e+03
1.64067459e-01 2.55981641e+03
1.65035781e-01 2.53136397e+03
1.66004104e-01 2.50428008e+03
1.66972427e-01 2.47853545e+03
1.67940751e-01 2.45409320e+03
1.68909075e-01 2.43090935e+03
1.69877399e-01 2.40893349e+03
1.70845724e-01 2.38810927e+03
1.71814050e-01 2.36837508e+03
1.72782375e-01 2.34966468e+03
1.73750701e-01 2.33190779e+03
1.74719028e-01 2.31503080e+03
1.75687354e-01 2.29895739e+03
1.76655681e-01 2.28360921e+03
1.77624009e-01 2.26890652e+03
1.78592337e-01 2.25476887e+03
1.79560665e-01 2.24111575e+03
1.80528993e-01 2.22786721e+03
1.81497322e-01 2.21494450e+03
1.82465651e-01 2.20227067e+03
1.83433981e-01 2.18977117e+03
1.84402310e-01 2.17737437e+03
1.85370640e-01 2.16501212e+03
1.86338971e-01 2.15262022e+03
1.87307301e-01 2.14013887e+03
1.88275632e-01 2.12751304e+03
1.89243963e-01 2.11469286e+03
1.90212295e-01 2.10163388e+03
1.91180627e-01 2.08829733e+03
1.92148959e-01 2.07465029e+03
1.93117291e-01 2.06066579e+03
1.94085623e-01 2.04632292e+03
1.95053956e-01 2.03160677e+03
1.96022289e-01 2.01650839e+03
1.96990623e-01 2.00102467e+03
1.97958956e-01 1.98515816e+03
1.98927290e-01 1.96891681e+03
1.99895624e-01 1.95231375e+03
2.00863958e-01 1.93536691e+03
2.01832293e-01 1.91809864e+03
2.02800627e-01 1.90053539e+03
2.03768962e-01 1.88270720e+03
2.04737298e-01 1.86464727e+03
2.05705633e-01 1.84639152e+03
2.06673969e-01 1.82797808e+03
2.07642305e-01 1.80944684e+03
2.08610641e-01 1.79083893e+03
2.09578977e-01 1.77219628e+03
2.10547313e-01 1.75356116e+03
2.11515650e-01 1.73497570e+03
2.12483987e-01 1.71648153e+03
2.13452324e-01 1.69811932e+03
2.14420661e-01 1.67992847e+03
2.15388999e-01 1.66194673e+03
2.16357336e-01 1.64420991e+03
2.17325674e-01 1.62675162e+03
2.18294012e-01 1.60960301e+03
2.19262350e-01 1.59279260e+03
2.20230689e-01 1.57634610e+03
2.21199027e-01 1.56028624e+03
2.22167366e-01 1.54463276e+03
2.23135705e-01 1.52940224e+03
2.24104044e-01 1.51460816e+03
2.25072383e-01 1.50026082e+03
2.26040723e-01 1.48636740e+03
2.27009062e-01 1.47293200e+03
2.27977402e-01 1.45995572e+03
2.28945742e-01 1.44743671e+03
2.29914082e-01 1.43537035e+03
2.30882422e-01 1.42374930e+03
2.31850762e-01 1.41256372e+03
2.32819103e-01 1.40180139e+03
2.33787444e-01 1.39144788e+03
2.34755784e-01 1.38148674e+03
2.35724125e-01 1.37189971e+03
2.36692466e-01 1.36266688e+03
2.37660808e-01 1.35376694e+03
2.38629149e-01 1.34517735e+03
2.39597491e-01 1.33687457e+03
2.40565832e-01 1.32883430e+03
2.41534174e-01 1.32103164e+03
2.42502516e-01 1.31344135e+03
2.43470858e-01 1.30603804e+03
2.44439200e-01 1.29879637e+03
2.45407542e-01 1.29169127e+03
2.46375885e-01 1.28469815e+03
2.47344227e-01 1.27779302e+03
2.48312570e-01 1.27095273e+03
2.49280913e-01 1.26415513e+03
2.50249256e-01 1.25737917e+03
2.51217599e-01 1.25060512e+03
2.52185942e-01 1.24381462e+03
2.53154285e-01 1.23699085e+03
2.54122629e-01 1.23011858e+03
2.55090972e-01 1.22318428e+03
2.56059316e-01 1.21617617e+03
2.57027660e-01 1.20908426e+03
2.57996004e-01 1.20190037e+03
2.58964348e-01 1.19461816e+03
2.59932692e-01 1.18723310e+03
2.60901036e-01 1.17974245e+03
2.61869380e-01 1.17214525e+03
2.62837725e-01 1.16444219e+03
2.63806069e-01 1.15663562e+03
2.64774414e-01 1.14872941e+03
2.65742758e-01 1.14072890e+03
2.66711103e-01 1.13264075e+03
2.67679448e-01 1.12447284e+03
2.68647793e-01 1.11623415e+03
2.69616138e-01 1.10793464e+03
2.70584484e-01 1.09958511e+03
2.71552829e-01 1.09119703e+03
2.72521174e-01 1.08278246e+03
2.73489520e-01 1.07435388e+03
2.74457865e-01 1.06592403e+03
2.75426211e-01 1.05750584e+03
2.76394557e-01 1.04911222e+03
2.77362903e-01 1.04075600e+03
2.78331249e-01 1.03244980e+03
2.79299595e-01 1.02420587e+03
2.80267941e-01 1.01603605e+03
2.81236287e-01 1.00795164e+03
2.82204633e-01 9.99963310e+02
2.83172980e-01 9.92081047e+02
2.84141326e-01 9.84314063e+02
2.85109673e-01 9.76670752e+02
2.86078019e-01 9.69158635e+02
2.87046366e-01 9.61784324e+02
2.88014713e-01 9.54553494e+02
2.88983059e-01 9.47470863e+02
2.89951406e-01 9.40540180e+02
2.90919753e-01 9.33764225e+02
2.91888101e-01 9.27144816e+02
2.92856448e-01 9.20682824e+02
2.93824795e-01 9.14378192e+02
2.94793142e-01 9.08229967e+02
2.95761490e-01 9.02236333e+02
2.96729837e-01 8.96394654e+02
2.97698185e-01 8.90701519e+02
2.98666532e-01 8.85152793e+02
2.99634880e-01 8.79743670e+02
3.00603228e-01 8.74468737e+02
3.01571575e-01 8.69322029e+02
3.02539923e-01 8.64297097e+02
3.03508271e-01 8.59387074e+02
3.04476619e-01 8.54584739e+02
3.05444967e-01 8.49882587e+02
3.06413316e-01 8.45272897e+02
3.07381664e-01 8.40747799e+02
3.08350012e-01 8.36299343e+02
3.09318360e-01 8.31919560e+02
3.10286709e-01 8.27600532e+02
3.11255057e-01 8.23334449e+02
3.12223406e-01 8.19113668e+02
3.13191754e-01 8.14930773e+02
3.14160103e-01 8.10778622e+02
3.15128452e-01 8.06650401e+02
3.16096801e-01 8.02539662e+02
3.17065149e-01 7.98440370e+02
3.18033498e-01 7.94346933e+02
3.19001847e-01 7.90254235e+02
3.19970196e-01 7.86157661e+02
3.20938545e-01 7.82053117e+02
3.21906895e-01 7.77937047e+02
3.22875244e-01 7.73806440e+02
3.23843593e-01 7.69658838e+02
3.24811942e-01 7.65492336e+02
3.25780292e-01 7.61305575e+02
3.26748641e-01 7.57097733e+02
3.27716990e-01 7.52868514e+02
3.28685340e-01 7.48618125e+02
3.29653690e-01 7.44347258e+02
3.30622039e-01 7.40057063e+02
3.31590389e-01 7.35749116e+02
3.32558739e-01 7.31425393e+02
3.33527088e-01 7.27088231e+02
3.34495438e-01 7.22740296e+02
3.35463788e-01 7.18384538e+02
3.36432138e-01 7.14024161e+02
3.37400488e-01 7.09662577e+02
3.38368838e-01 7.05303366e+02
3.39337188e-01 7.00950238e+02
3.40305538e-01 6.96606992e+02
3.41273888e-01 6.92277475e+02
3.42242239e-01 6.87965548e+02
3.43210589e-01 6.83675044e+02
3.44178939e-01 6.79409738e+02
3.45147290e-01 6.75173307e+02
3.46115640e-01 6.70969307e+02
3.47083990e-01 6.66801137e+02
3.48052341e-01 6.62672017e+02
3.49020691e-01 6.58584963e+02
3.49989042e-01 6.54542766e+02
3.50957393e-01 6.50547972e+02
3.51925743e-01 6.46602870e+02
3.52894094e-01 6.42709475e+02
3.53862445e-01 6.38869524e+02
3.54830796e-01 6.35084463e+02
3.55799146e-01 6.31355448e+02
3.56767497e-01 6.27683338e+02
3.57735848e-01 6.24068700e+02
3.58704199e-01 6.20511814e+02
3.59672550e-01 6.17012672e+02
3.60640901e-01 6.13570993e+02
3.61609252e-01 6.10186229e+02
3.62577604e-01 6.06857578e+02
3.63545955e-01 6.03583997e+02
3.64514306e-01 6.00364219e+02
3.65482657e-01 5.97196769e+02
3.66451008e-01 5.94079977e+02
3.67419360e-01 5.91012004e+02
3.68387711e-01 5.87990856e+02
3.69356063e-01 5.85014409e+02
3.70324414e-01 5.82080423e+02
3.71292765e-01 5.79186568e+02
3.72261117e-01 5.76330444e+02
3.73229469e-01 5.73509599e+02
3.74197820e-01 5.70721555e+02
3.75166172e-01 5.67963822e+02
3.76134523e-01 5.65233920e+02
3.77102875e-01 5.62529402e+02
3.78071227e-01 5.59847864e+02
3.79039579e-01 5.57186968e+02
3.80007930e-01 5.54544458e+02
3.80976282e-01 5.51918171e+02
3.81944634e-01 5.49306053e+02
3.82912986e-01 5.46706173e+02
3.83881338e-01 5.44116729e+02
3.84849690e-01 5.41536063e+02
3.85818042e-01 5.38962663e+02
3.86786394e-01 5.36395175e+02
3.87754746e-01 5.33832404e+02
3.88723098e-01 5.31273319e+02
3.89691450e-01 5.28717053e+02
3.90659802e-01 5.26162906e+02
3.91628155e-01 5.23610343e+02
3.92596507e-01 5.21058991e+02
3.93564859e-01 5.18508634e+02
3.94533211e-01 5.15959210e+02
3.95501564e-01 5.13410806e+02
3.96469916e-01 5.10863646e+02
3.97438268e-01 5.08318090e+02
3.98406621e-01 5.05774617e+02
3.99374973e-01 5.03233821e+02
4.00343326e-01 5.00696400e+02
4.01311678e-01 4.98163142e+02
4.02280031e-01 4.95634917e+02
4.03248383e-01 4.93112664e+02
4.04216736e-01 4.90597379e+02
4.05185088e-01 4.88090104e+02
4.06153441e-01 4.85591914e+02
4.07121794e-01 4.83103907e+02
4.08090146e-01 4.80627192e+02
4.09058499e-01 4.78162878e+02
4.10026852e-01 4.75712061e+02
4.10995205e-01 4.73275820e+02
4.11963557e-01 4.70855199e+02
4.12931910e-01 4.68451205e+02
4.13900263e-01 4.66064797e+02
4.14868616e-01 4.63696878e+02
4.15836969e-01 4.61348288e+02
4.16805322e-01 4.59019802e+02
4.17773675e-01 4.56712117e+02
4.18742028e-01 4.54425855e+02
4.19710381e-01 4.52161557e+02
4.20678734e-01 4.49919679e+02
4.21647087e-01 4.47700590e+02
4.22615440e-01 4.45504574e+02
4.23583793e-01 4.43331825e+02
4.24552146e-01 4.41182454e+02
4.25520499e-01 4.39056482e+02
4.26488853e-01 4.36953848e+02
4.27457206e-01 4.34874410e+02
4.28425559e-01 4.32817947e+02
4.29393912e-01 4.30784162e+02
4.30362266e-01 4.28772691e+02
4.31330619e-01 4.26783099e+02
4.32298972e-01 4.24814896e+02
4.33267326e-01 4.22867530e+02
4.34235679e-01 4.20940405e+02
4.35204032e-01 4.19032877e+02
4.36172386e-01 4.17144266e+02
4.37140739e-01 4.15273858e+02
4.38109093e-01 4.13420916e+02
4.39077446e-01 4.11584682e+02
4.40045800e-01 4.09764384e+02
4.41014153e-01 4.07959245e+02
4.41982507e-01 4.06168484e+02
4.42950861e-01 4.04391328e+02
4.43919214e-01 4.02627011e+02
4.44887568e-01 4.00874784e+02
4.45855921e-01 3.99133918e+02
4.46824275e-01 3.97403708e+02
4.47792629e-01 3.95683480e+02
4.48760982e-01 3.93972591e+02
4.49729336e-01 3.92270438e+02
4.50697690e-01 3.90576453e+02
4.51666044e-01 3.88890115e+02
4.52634397e-01 3.87210945e+02
4.53602751e-01 3.85538510e+02
4.54571105e-01 3.83872426e+02
4.55539459e-01 3.82212357e+02
4.56507813e-01 3.80558016e+02
4.57476167e-01 3.78909165e+02
4.58444521e-01 3.77265614e+02
4.59412875e-01 3.75627221e+02
4.60381229e-01 3.73993892e+02
4.61349583e-01 3.72365577e+02
4.62317937e-01 3.70742268e+02
4.63286291e-01 3.69124000e+02
4.64254645e-01 3.67510847e+02
4.65222999e-01 3.65902919e+02
4.66191353e-01 3.64300357e+02
4.67159707e-01 3.62703336e+02
4.68128061e-01 3.61112055e+02
4.69096415e-01 3.59526739e+02
4.70064769e-01 3.57947632e+02
4.71033123e-01 3.56374997e+02
4.72001477e-01 3.54809108e+02
4.72969832e-01 3.53250252e+02
4.73938186e-01 3.51698722e+02
4.74906540e-01 3.50154813e+02
4.75874894e-01 3.48618823e+02
4.76843249e-01 3.47091046e+02
4.77811603e-01 3.45571770e+02
4.78779957e-01 3.44061276e+02
4.79748311e-01 3.42559832e+02
4.80716666e-01 3.41067695e+02
4.81685020e-01 3.39585103e+02
4.82653375e-01 3.38112280e+02
4.83621729e-01 3.36649428e+02
4.84590083e-01 3.35196728e+02
4.85558438e-01 3.33754341e+02
4.86526792e-01 3.32322402e+02
4.87495147e-01 3.30901023e+02
4.88463501e-01 3.29490291e+02
4.89431856e-01 3.28090268e+02
4.90400210e-01 3.26700991e+02
4.91368565e-01 3.25322471e+02
4.92336919e-01 3.23954694e+02
4.93305274e-01 3.22597623e+02
4.94273628e-01 3.21251195e+02
4.95241983e-01 3.19915326e+02
4.96210337e-01 3.18589911e+02
4.97178692e-01 3.17274821e+02
4.98147047e-01 3.15969911e+02
4.99115401e-01 3.14675016e+02
5.00083756e-01 3.13389957e+02
5.01052111e-01 3.12114538e+02
5.02020465e-01 3.10848550e+02
5.02988820e-01 3.09591774e+02
5.03957175e-01 3.08343982e+02
5.04925529e-01 3.07104936e+02
5.05893884e-01 3.05874395e+02
5.06862239e-01 3.04652111e+02
5.07830594e-01 3.03437836e+02
5.08798948e-01 3.02231320e+02
5.09767303e-01 3.01032315e+02
5.10735658e-01 2.99840575e+02
5.11704013e-01 2.98655858e+02
5.12672368e-01 2.97477929e+02
5.13640723e-01 2.96306560e+02
5.14609077e-01 2.95141530e+02
5.15577432e-01 2.93982628e+02
5.16545787e-01 2.92829653e+02
5.17514142e-01 2.91682417e+02
5.18482497e-01 2.90540744e+02
5.19450852e-01 2.89404468e+02
5.20419207e-01 2.88273440e+02
5.21387562e-01 2.87147523e+02
5.22355917e-01 2.86026595e+02
5.23324272e-01 2.84910546e+02
5.24292627e-01 2.83799241e+02
5.25260982e-01 2.82692673e+02
5.26229337e-01 2.81590788e+02
5.27197692e-01 2.80493521e+02
5.28166047e-01 2.79400812e+02
5.29134402e-01 2.78312613e+02
5.30102757e-01 2.77228889e+02
5.31071112e-01 2.76149627e+02
5.32039467e-01 2.75074833e+02
5.33007823e-01 2.74004533e+02
5.33976178e-01 2.72938774e+02
5.34944533e-01 2.71877616e+02
5.35912888e-01 2.70821127e+02
5.36881243e-01 2.69769378e+02
5.37849598e-01 2.68722437e+02
5.38817954e-01 2.67680364e+02
5.39786309e-01 2.66643213e+02
5.40754664e-01 2.65611026e+02
5.41723019e-01 2.64583844e+02
5.42691374e-01 2.63561705e+02
5.43659730e-01 2.62544650e+02
5.44628085e-01 2.61532728e+02
5.45596440e-01 2.60525997e+02
5.46564796e-01 2.59524527e+02
5.47533151e-01 2.58528393e+02
5.48501506e-01 2.57537676e+02
5.49469861e-01 2.56552457e+02
5.50438217e-01 2.55572806e+02
5.51406572e-01 2.54598786e+02
5.52374927e-01 2.53630438e+02
5.53343283e-01 2.52667789e+02
5.54311638e-01 2.51710846e+02
5.55279994e-01 2.50759601e+02
5.56248349e-01 2.49814034e+02
5.57216704e-01 2.48874119e+02
5.58185060e-01 2.47939827e+02
5.59153415e-01 2.47011131e+02
5.60121771e-01 2.46088008e+02
5.61090126e-01 2.45170436e+02
5.62058482e-01 2.44258397e+02
5.63026837e-01 2.43351869e+02
5.63995193e-01 2.42450825e+02
5.64963548e-01 2.41555228e+02
5.65931904e-01 2.40665028e+02
5.66900259e-01 2.39780162e+02
5.67868615e-01 2.38900554e+02
5.68836970e-01 2.38026117e+02
5.69805326e-01 2.37156756e+02
5.70773681e-01 2.36292376e+02
5.71742037e-01 2.35432883e+02
5.72710392e-01 2.34578187e+02
5.73678748e-01 2.33728208e+02
5.74647104e-01 2.32882871e+02
5.75615459e-01 2.32042109e+02
5.76583815e-01 2.31205856e+02
5.77552171e-01 2.30374047e+02
5.78520526e-01 2.29546614e+02
5.79488882e-01 2.28723480e+02
5.80457237e-01 2.27904564e+02
5.81425593e-01 2.27089777e+02
5.82393949e-01 2.26279026e+02
5.83362305e-01 2.25472219e+02
5.84330660e-01 2.24669265e+02
5.85299016e-01 2.23870083e+02
5.86267372e-01 2.23074603e+02
5.87235727e-01 2.22282767e+02
5.88204083e-01 2.21494531e+02
5.89172439e-01 2.20709862e+02
5.90140795e-01 2.19928733e+02
5.91109150e-01 2.19151126e+02
5.92077506e-01 2.18377020e+02
5.93045862e-01 2.17606391e+02
5.94014218e-01 2.16839212e+02
5.94982573e-01 2.16075451e+02
5.95950929e-01 2.15315071e+02
5.96919285e-01 2.14558035e+02
5.97887641e-01 2.13804307e+02
5.98855997e-01 2.13053859e+02
5.99824353e-01 2.12306670e+02
6.00792708e-01 2.11562731e+02
6.01761064e-01 2.10822043e+02
6.02729420e-01 2.10084617e+02
6.03697776e-01 2.09350470e+02
6.04666132e-01 2.08619623e+02
6.05634488e-01 2.07892096e+02
6.06602844e-01 2.07167907e+02
6.07571200e-01 2.06447066e+02
6.08539556e-01 2.05729577e+02
6.09507911e-01 2.05015438e+02
6.10476267e-01 2.04304642e+02
6.11444623e-01 2.03597182e+02
6.12412979e-01 2.02893051e+02
6.13381335e-01 2.02192248e+02
6.14349691e-01 2.01494775e+02
6.15318047e-01 2.00800642e+02
6.16286403e-01 2.00109864e+02
6.17254759e-01 1.99422459e+02
6.18223115e-01 1.98738444e+02
6.19191471e-01 1.98057832e+02
6.20159827e-01 1.97380631e+02
6.21128183e-01 1.96706842e+02
6.22096539e-01 1.96036455e+02
6.23064895e-01 1.95369453e+02
6.24033251e-01 1.94705814e+02
6.25001607e-01 1.94045513e+02
6.25969964e-01 1.93388522e+02
6.26938320e-01 1.92734819e+02
6.27906676e-01 1.92084384e+02
6.28875032e-01 1.91437203e+02
6.29843388e-01 1.90793267e+02
6.30811744e-01 1.90152568e+02
6.31780100e-01 1.89515100e+02
6.32748456e-01 1.88880851e+02
6.33716812e-01 1.88249806e+02
6.34685168e-01 1.87621943e+02
6.35653525e-01 1.86997230e+02
6.36621881e-01 1.86375628e+02
6.37590237e-01 1.85757096e+02
6.38558593e-01 1.85141586e+02
6.39526949e-01 1.84529054e+02
6.40495305e-01 1.83919456e+02
6.41463662e-01 1.83312756e+02
6.42432018e-01 1.82708922e+02
6.43400374e-01 1.82107931e+02
6.44368730e-01 1.81509761e+02
6.45337086e-01 1.80914396e+02
6.46305443e-01 1.80321817e+02
6.47273799e-01 1.79732003e+02
6.48242155e-01 1.79144930e+02
6.49210511e-01 1.78560567e+02
6.50178868e-01 1.77978879e+02
6.51147224e-01 1.77399826e+02
6.52115580e-01 1.76823368e+02
6.53083936e-01 1.76249465e+02
6.54052293e-01 1.75678082e+02
6.55020649e-01 1.75109189e+02
6.55989005e-01 1.74542764e+02
6.56957361e-01 1.73978789e+02
6.57925718e-01 1.73417255e+02
6.58894074e-01 1.72858154e+02
6.59862430e-01 1.72301479e+02
6.60830787e-01 1.71747223e+02
6.61799143e-01 1.71195376e+02
6.62767499e-01 1.70645921e+02
6.63735856e-01 1.70098841e+02
6.64704212e-01 1.69554112e+02
6.65672568e-01 1.69011711e+02
6.66640925e-01 1.68471615e+02
6.67609281e-01 1.67933805e+02
6.68577637e-01 1.67398268e+02
6.69545994e-01 1.66864993e+02
6.70514350e-01 1.66333979e+02
6.71482707e-01 1.65805228e+02
6.72451063e-01 1.65278746e+02
6.73419419e-01 1.64754536e+02
6.74387776e-01 1.64232604e+02
6.75356132e-01 1.63712949e+02
6.76324489e-01 1.63195567e+02
6.77292845e-01 1.62680448e+02
6.78261201e-01 1.62167579e+02
6.79229558e-01 1.61656942e+02
6.80197914e-01 1.61148523e+02
6.81166271e-01 1.60642307e+02
6.82134627e-01 1.60138283e+02
6.83102984e-01 1.59636444e+02
6.84071340e-01 1.59136790e+02
6.85039697e-01 1.58639324e+02
6.86008053e-01 1.58144049e+02
6.86976410e-01 1.57650971e+02
6.87944766e-01 1.57160093e+02
6.88913123e-01 1.56671413e+02
6.89881479e-01 1.56184926e+02
6.90849836e-01 1.55700619e+02
6.91818192e-01 1.55218477e+02
6.92786549e-01 1.54738480e+02
6.93754905e-01 1.54260607e+02
6.94723262e-01 1.53784840e+02
6.95691618e-01 1.53311160e+02
6.96659975e-01 1.52839556e+02
6.97628331e-01 1.52370019e+02
6.98596688e-01 1.51902542e+02
6.99565044e-01 1.51437125e+02
7.00533401e-01 1.50973764e+02
7.01501758e-01 1.50512455e+02
7.02470114e-01 1.50053192e+02
7.03438471e-01 1.49595963e+02
7.04406827e-01 1.49140753e+02
7.05375184e-01 1.48687540e+02
7.06343541e-01 1.48236303e+02
7.07311897e-01 1.47787016e+02
7.08280254e-01 1.47339656e+02
7.09248610e-01 1.46894203e+02
7.10216967e-01 1.46450640e+02
7.11185324e-01 1.46008953e+02
7.12153680e-01 1.45569135e+02
7.13122037e-01 1.45131179e+02
7.14090394e-01 1.44695081e+02
7.15058750e-01 1.44260835e+02
7.16027107e-01 1.43828433e+02
7.16995463e-01 1.43397864e+02
7.17963820e-01 1.42969113e+02
7.18932177e-01 1.42542161e+02
7.19900533e-01 1.42116987e+02
7.20868890e-01 1.41693570e+02
7.21837247e-01 1.41271888e+02
7.22805603e-01 1.40851925e+02
7.23773960e-01 1.40433664e+02
7.24742317e-01 1.40017097e+02
7.25710674e-01 1.39602217e+02
7.26679030e-01 1.39189022e+02
7.27647387e-01 1.38777510e+02
7.28615744e-01 1.38367680e+02
7.29584100e-01 1.37959528e+02
7.30552457e-01 1.37553047e+02
7.31520814e-01 1.37148229e+02
7.32489171e-01 1.36745060e+02
7.33457527e-01 1.36343523e+02
7.34425884e-01 1.35943603e+02
7.35394241e-01 1.35545284e+02
7.36362598e-01 1.35148551e+02
7.37330954e-01 1.34753394e+02
7.38299311e-01 1.34359808e+02
7.39267668e-01 1.33967790e+02
7.40236025e-01 1.33577339e+02
7.41204381e-01 1.33188458e+02
7.42172738e-01 1.32801148e+02
7.43141095e-01 1.32415410e+02
7.44109452e-01 1.32031241e+02
7.45077809e-01 1.31648634e+02
7.46046165e-01 1.31267580e+02
7.47014522e-01 1.30888066e+02
7.47982879e-01 1.30510079e+02
7.48951236e-01 1.30133604e+02
7.49919593e-01 1.29758629e+02
7.50887949e-01 1.29385145e+02
7.51856306e-01 1.29013145e+02
7.52824663e-01 1.28642628e+02
7.53793020e-01 1.28273592e+02
7.54761377e-01 1.27906040e+02
7.55729734e-01 1.27539973e+02
7.56698090e-01 1.27175391e+02
7.57666447e-01 1.26812291e+02
7.58634804e-01 1.26450666e+02
7.59603161e-01 1.26090508e+02
7.60571518e-01 1.25731805e+02
7.61539875e-01 1.25374541e+02
7.62508232e-01 1.25018704e+02
7.63476589e-01 1.24664279e+02
7.64444945e-01 1.24311256e+02
7.65413302e-01 1.23959628e+02
7.66381659e-01 1.23609390e+02
7.67350016e-01 1.23260540e+02
7.68318373e-01 1.22913077e+02
7.69286730e-01 1.22567002e+02
7.70255087e-01 1.22222313e+02
7.71223444e-01 1.21879005e+02
7.72191801e-01 1.21537073e+02
7.73160158e-01 1.21196506e+02
7.74128514e-01 1.20857291e+02
7.75096871e-01 1.20519415e+02
7.76065228e-01 1.20182863e+02
7.77033585e-01 1.19847620e+02
7.78001942e-01 1.19513675e+02
7.78970299e-01 1.19181020e+02
7.79938656e-01 1.18849648e+02
7.80907013e-01 1.18519558e+02
7.81875370e-01 1.18190748e+02
7.82843727e-01 1.17863216e+02
7.83812084e-01 1.17536962e+02
7.84780441e-01 1.17211982e+02
7.85748798e-01 1.16888270e+02
7.86717155e-01 1.16565816e+02
7.87685512e-01 1.16244610e+02
7.88653869e-01 1.15924638e+02
7.89622226e-01 1.15605887e+02
7.90590583e-01 1.15288344e+02
7.91558940e-01 1.14971998e+02
7.92527297e-01 1.14656842e+02
7.93495654e-01 1.14342870e+02
7.94464011e-01 1.14030082e+02
7.95432368e-01 1.13718475e+02
7.96400725e-01 1.13408050e+02
7.97369082e-01 1.13098809e+02
7.98337439e-01 1.12790747e+02
7.99305796e-01 1.12483862e+02
8.00274153e-01 1.12178147e+02
8.01242510e-01 1.11873592e+02
8.02210867e-01 1.11570186e+02
8.03179224e-01 1.11267918e+02
8.04147581e-01 1.10966777e+02
8.05115938e-01 1.10666753e+02
8.06084295e-01 1.10367839e+02
8.07052652e-01 1.10070032e+02
8.08021009e-01 1.09773330e+02
8.08989366e-01 1.09477733e+02
8.09957723e-01 1.09183242e+02
8.10926080e-01 1.08889858e+02
8.11894438e-01 1.08597581e+02
8.12862795e-01 1.08306407e+02
8.13831152e-01 1.08016331e+02
8.14799509e-01 1.07727345e+02
8.15767866e-01 1.07439440e+02
8.16736223e-01 1.07152606e+02
8.17704580e-01 1.06866831e+02
8.18672937e-01 1.06582108e+02
8.19641294e-01 1.06298430e+02
8.20609651e-01 1.06015792e+02
8.21578008e-01 1.05734194e+02
8.22546366e-01 1.05453635e+02
8.23514723e-01 1.05174117e+02
8.24483080e-01 1.04895641e+02
8.25451437e-01 1.04618205e+02
8.26419794e-01 1.04341808e+02
8.27388151e-01 1.04066445e+02
8.28356508e-01 1.03792108e+02
8.29324865e-01 1.03518788e+02
8.30293223e-01 1.03246476e+02
8.31261580e-01 1.02975162e+02
8.32229937e-01 1.02704837e+02
8.33198294e-01 1.02435493e+02
8.34166651e-01 1.02167127e+02
8.35135008e-01 1.01899736e+02
8.36103365e-01 1.01633319e+02
8.37071723e-01 1.01367878e+02
8.38040080e-01 1.01103412e+02
8.39008437e-01 1.00839921e+02
8.39976794e-01 1.00577402e+02
8.40945151e-01 1.00315851e+02
8.41913508e-01 1.00055262e+02
8.42881866e-01 9.97956243e+01
8.43850223e-01 9.95369296e+01
8.44818580e-01 9.92791679e+01
8.45786937e-01 9.90223304e+01
8.46755294e-01 9.87664102e+01
8.47723652e-01 9.85114024e+01
8.48692009e-01 9.82573044e+01
8.49660366e-01 9.80041155e+01
8.50628723e-01 9.77518360e+01
8.51597080e-01 9.75004664e+01
8.52565438e-01 9.72500064e+01
8.53533795e-01 9.70004540e+01
8.54502152e-01 9.67518052e+01
8.55470509e-01 9.65040542e+01
8.56438866e-01 9.62571928e+01
8.57407224e-01 9.60112124e+01
8.58375581e-01 9.57661038e+01
8.59343938e-01 9.55218587e+01
8.60312295e-01 9.52784704e+01
8.61280653e-01 9.50359342e+01
8.62249010e-01 9.47942477e+01
8.63217367e-01 9.45534099e+01
8.64185724e-01 9.43134214e+01
8.65154082e-01 9.40742828e+01
8.66122439e-01 9.38359945e+01
8.67090796e-01 9.35985551e+01
8.68059153e-01 9.33619614e+01
8.69027511e-01 9.31262086e+01
8.69995868e-01 9.28912896e+01
8.70964225e-01 9.26571966e+01
8.71932582e-01 9.24239214e+01
8.72900940e-01 9.21914564e+01
8.73869297e-01 9.19597952e+01
8.74837654e-01 9.17289336e+01
8.75806011e-01 9.14988691e+01
8.76774369e-01 9.12696012e+01
8.77742726e-01 9.10411305e+01
8.78711083e-01 9.08134580e+01
8.79679441e-01 9.05865842e+01
8.80647798e-01 9.03605084e+01
8.81616155e-01 9.01352284e+01
8.82584512e-01 8.99107398e+01
8.83552870e-01 8.96870366e+01
8.84521227e-01 8.94641116e+01
8.85489584e-01 8.92419572e+01
8.86457942e-01 8.90205662e+01
8.87426299e-01 8.87999326e+01
8.88394656e-01 8.85800519e+01
8.89363014e-01 8.83609218e+01
8.90331371e-01 8.81425415e+01
8.91299728e-01 8.79249115e+01
8.92268086e-01 8.77080327e+01
8.93236443e-01 8.74919059e+01
8.94204800e-01 8.72765306e+01
8.95173158e-01 8.70619048e+01
8.96141515e-01 8.68480249e+01
8.97109872e-01 8.66348852e+01
8.98078230e-01 8.64224793e+01
8.99046587e-01 8.62107997e+01
9.00014944e-01 8.59998396e+01
9.00983302e-01 8.57895931e+01
9.01951659e-01 8.55800556e+01
9.02920016e-01 8.53712247e+01
9.03888374e-01 8.51630993e+01
9.04856731e-01 8.49556795e+01
9.05825088e-01 8.47489664e+01
9.06793446e-01 8.45429604e+01
9.07761803e-01 8.43376613e+01
9.08730161e-01 8.41330675e+01
9.09698518e-01 8.39291756e+01
9.10666875e-01 8.37259804e+01
9.11635233e-01 8.35234758e+01
9.12603590e-01 8.33216549e+01
9.13571947e-01 8.31205110e+01
9.14540305e-01 8.29200381e+01
9.15508662e-01 8.27202319e+01
9.16477020e-01 8.25210894e+01
9.17445377e-01 8.23226096e+01
9.18413734e-01 8.21247924e+01
9.19382092e-01 8.19276386e+01
9.20350449e-01 8.17311489e+01
9.21318807e-01 8.15353233e+01
9.22287164e-01 8.13401605e+01
9.23255521e-01 8.11456574e+01
9.24223879e-01 8.09518096e+01
9.25192236e-01 8.07586115e+01
9.26160594e-01 8.05660566e+01
9.27128951e-01 8.03741386e+01
9.28097308e-01 8.01828517e+01
9.29065666e-01 7.99921917e+01
9.30034023e-01 7.98021556e+01
9.31002381e-01 7.96127421e+01
9.31970738e-01 7.94239513e+01
9.32939096e-01 7.92357839e+01
9.33907453e-01 7.90482407e+01
9.34875810e-01 7.88613219e+01
9.35844168e-01 7.86750265e+01
9.36812525e-01 7.84893521e+01
9.37780883e-01 7.83042947e+01
9.38749240e-01 7.81198493e+01
9.39717598e-01 7.79360100e+01
9.40685955e-01 7.77527707e+01
9.41654313e-01 7.75701262e+01
9.42622670e-01 7.73880721e+01
9.43591027e-01 7.72066056e+01
9.44559385e-01 7.70257254e+01
9.45527742e-01 7.68454314e+01
9.46496100e-01 7.66657245e+01
9.47464457e-01 7.64866054e+01
9.48432815e-01 7.63080746e+01
9.49401172e-01 7.61301315e+01
9.50369530e-01 7.59527742e+01
9.51337887e-01 7.57759991e+01
9.52306245e-01 7.55998017e+01
9.53274602e-01 7.54241765e+01
9.54242960e-01 7.52491180e+01
9.55211317e-01 7.50746209e+01
9.56179675e-01 7.49006811e+01
9.57148032e-01 7.47272957e+01
9.58116390e-01 7.45544634e+01
9.59084747e-01 7.43821840e+01
9.60053105e-01 7.42104580e+01
9.61021462e-01 7.40392865e+01
9.61989820e-01 7.38686700e+01
9.62958177e-01 7.36986080e+01
9.63926535e-01 7.35290991e+01
9.64894892e-01 7.33601401e+01
9.65863250e-01 7.31917269e+01
9.66831607e-01 7.30238544e+01
9.67799965e-01 7.28565174e+01
9.68768322e-01 7.26897108e+01
9.69736680e-01 7.25234305e+01
9.70705037e-01 7.23576737e+01
9.71673395e-01 7.21924388e+01
9.72641752e-01 7.20277256e+01
9.73610110e-01 7.18635344e+01
9.74578467e-01 7.16998663e+01
9.75546825e-01 7.15367218e+01
9.76515182e-01 7.13741008e+01
9.77483540e-01 7.12120018e+01
9.78451897e-01 7.10504224e+01
9.79420255e-01 7.08893586e+01
9.80388612e-01 7.07288057e+01
9.81356970e-01 7.05687587e+01
9.82325327e-01 7.04092129e+01
9.83293685e-01 7.02501641e+01
9.84262043e-01 7.00916095e+01
9.85230400e-01 6.99335473e+01
9.86198758e-01 6.97759772e+01
9.87167115e-01 6.96188997e+01
9.88135473e-01 6.94623154e+01
9.89103830e-01 6.93062252e+01
9.90072188e-01 6.91506290e+01
9.91040545e-01 6.89955257e+01
9.92008903e-01 6.88409131e+01
9.92977260e-01 6.86867878e+01
9.93945618e-01 6.85331453e+01
9.94913976e-01 6.83799811e+01
9.95882333e-01 6.82272904e+01
9.96850691e-01 6.80750693e+01
9.97819048e-01 6.79233150e+01
9.98787406e-01 6.77720256e+01
9.99755763e-01 6.76212007e+01
1.00072412e+00 6.74708406e+01
1.00169248e+00 6.73209460e+01
1.00266084e+00 6.71715179e+01
1.00362919e+00 6.70225562e+01
1.00459755e+00 6.68740603e+01
1.00556591e+00 6.67260282e+01
1.00653427e+00 6.65784568e+01
1.00750262e+00 6.64313422e+01
1.00847098e+00 6.62846800e+01
1.00943934e+00 6.61384657e+01
1.01040770e+00 6.59926957e+01
1.01137605e+00 6.58473669e+01
1.01234441e+00 6.57024775e+01
1.01331277e+00 6.55580271e+01
1.01428113e+00 6.54140158e+01
1.01524948e+00 6.52704445e+01
1.01621784e+00 6.51273138e+01
1.01718620e+00 6.49846243e+01
1.01815456e+00 6.48423752e+01
1.01912292e+00 6.47005650e+01
1.02009127e+00 6.45591910e+01
1.02105963e+00 6.44182496e+01
1.02202799e+00 6.42777366e+01
1.02299635e+00 6.41376480e+01
1.02396470e+00 6.39979799e+01
1.02493306e+00 6.38587295e+01
1.02590142e+00 6.37198950e+01
1.02686978e+00 6.35814757e+01
1.02783813e+00 6.34434717e+01
1.02880649e+00 6.33058839e+01
1.02977485e+00 6.31687130e+01
1.03074321e+00 6.30319594e+01
1.03171156e+00 6.28956229e+01
1.03267992e+00 6.27597021e+01
1.03364828e+00 6.26241946e+01
1.03461664e+00 6.24890971e+01
1.03558499e+00 6.23544058e+01
1.03655335e+00 6.22201167e+01
1.03752171e+00 6.20862263e+01
1.03849007e+00 6.19527316e+01
1.03945843e+00 6.18196308e+01
1.04042678e+00 6.16869232e+01
1.04139514e+00 6.15546087e+01
1.04236350e+00 6.14226881e+01
1.04333186e+00 6.12911621e+01
1.04430021e+00 6.11600314e+01
1.04526857e+00 6.10292958e+01
1.04623693e+00 6.08989541e+01
1.04720529e+00 6.07690043e+01
1.04817364e+00 6.06394433e+01
1.04914200e+00 6.05102677e+01
1.05011036e+00 6.03814736e+01
1.05107872e+00 6.02530575e+01
1.05204708e+00 6.01250167e+01
1.05301543e+00 5.99973493e+01
1.05398379e+00 5.98700543e+01
1.05495215e+00 5.97431317e+01
1.05592051e+00 5.96165822e+01
1.05688886e+00 5.94904065e+01
1.05785722e+00 5.93646052e+01
1.05882558e+00 5.92391784e+01
1.05979394e+00 5.91141252e+01
1.06076229e+00 5.89894437e+01
1.06173065e+00 5.88651313e+01
1.06269901e+00 5.87411846e+01
1.06366737e+00 5.86176000e+01
1.06463572e+00 5.84943743e+01
1.06560408e+00 5.83715046e+01
1.06657244e+00 5.82489890e+01
1.06754080e+00 5.81268264e+01
1.06850916e+00 5.80050169e+01
1.06947751e+00 5.78835610e+01
1.07044587e+00 5.77624593e+01
1.07141423e+00 5.76417127e+01
1.07238259e+00 5.75213212e+01
1.07335094e+00 5.74012841e+01
1.07431930e+00 5.72816000e+01
1.07528766e+00 5.71622663e+01
1.07625602e+00 5.70432799e+01
1.07722438e+00 5.69246376e+01
1.07819273e+00 5.68063361e+01
1.07916109e+00 5.66883727e+01
1.08012945e+00 5.65707453e+01
1.08109781e+00 5.64534530e+01
1.08206616e+00 5.63364956e+01
1.08303452e+00 5.62198734e+01
1.08400288e+00 5.61035874e+01
1.08497124e+00 5.59876381e+01
1.08593959e+00 5.58720259e+01
1.08690795e+00 5.57567502e+01
1.08787631e+00 5.56418097e+01
1.08884467e+00 5.55272023e+01
1.08981303e+00 5.54129250e+01
1.09078138e+00 5.52989747e+01
1.09174974e+00 5.51853484e+01
1.09271810e+00 5.50720433e+01
1.09368646e+00 5.49590575e+01
1.09465481e+00 5.48463899e+01
1.09562317e+00 5.47340401e+01
1.09659153e+00 5.46220085e+01
1.09755989e+00 5.45102960e+01
1.09852825e+00 5.43989031e+01
1.09949660e+00 5.42878303e+01
1.10046496e+00 5.41770772e+01
1.10143332e+00 5.40666427e+01
1.10240168e+00 5.39565248e+01
1.10337003e+00 5.38467210e+01
1.10433839e+00 5.37372283e+01
1.10530675e+00 5.36280436e+01
1.10627511e+00 5.35191644e+01
1.10724346e+00 5.34105887e+01
1.10821182e+00 5.33023153e+01
1.10918018e+00 5.31943438e+01
1.11014854e+00 5.30866745e+01
1.11111690e+00 5.29793081e+01
1.11208525e+00 5.28722454e+01
1.11305361e+00 5.27654868e+01
1.11402197e+00 5.26590320e+01
1.11499033e+00 5.25528802e+01
1.11595868e+00 5.24470297e+01
1.11692704e+00 5.23414779e+01
1.11789540e+00 5.22362223e+01
1.11886376e+00 5.21312598e+01
1.11983212e+00 5.20265879e+01
1.12080047e+00 5.19222047e+01
1.12176883e+00 5.18181089e+01
1.12273719e+00 5.17143001e+01
1.12370555e+00 5.16107784e+01
1.12467390e+00 5.15075445e+01
1.12564226e+00 5.14045992e+01
1.12661062e+00 5.13019429e+01
1.12757898e+00 5.11995756e+01
1.12854734e+00 5.10974965e+01
1.12951569e+00 5.09957041e+01
1.13048405e+00 5.08941962e+01
1.13145241e+00 5.07929703e+01
1.13242077e+00 5.06920235e+01
1.13338912e+00 5.05913533e+01
1.13435748e+00 5.04909579e+01
1.13532584e+00 5.03908359e+01
1.13629420e+00 5.02909868e+01
1.13726256e+00 5.01914107e+01
1.13823091e+00 5.00921083e+01
1.13919927e+00 4.99930801e+01
1.14016763e+00 4.98943268e+01
1.14113599e+00 4.97958484e+01
1.14210434e+00 4.96976444e+01
1.14307270e+00 4.95997133e+01
1.14404106e+00 4.95020533e+01
1.14500942e+00 4.94046618e+01
1.14597778e+00 4.93075363e+01
1.14694613e+00 4.92106743e+01
1.14791449e+00 4.91140740e+01
1.14888285e+00 4.90177338e+01
1.14985121e+00 4.89216534e+01
1.15081957e+00 4.88258326e+01
1.15178792e+00 4.87302721e+01
1.15275628e+00 4.86349724e+01
1.15372464e+00 4.85399343e+01
1.15469300e+00 4.84451579e+01
1.15566135e+00 4.83506426e+01
1.15662971e+00 4.82563874e+01
1.15759807e+00 4.81623905e+01
1.15856643e+00 4.80686496e+01
1.15953479e+00 4.79751621e+01
1.16050314e+00 4.78819259e+01
1.16147150e+00 4.77889388e+01
1.16243986e+00 4.76961996e+01
1.16340822e+00 4.76037076e+01
1.16437657e+00 4.75114627e+01
1.16534493e+00 4.74194654e+01
1.16631329e+00 4.73277164e+01
1.16728165e+00 4.72362163e+01
1.16825001e+00 4.71449653e+01
1.16921836e+00 4.70539631e+01
1.17018672e+00 4.69632087e+01
1.17115508e+00 4.68727005e+01
1.17212344e+00 4.67824364e+01
1.17309180e+00 4.66924140e+01
1.17406015e+00 4.66026311e+01
1.17502851e+00 4.65130858e+01
1.17599687e+00 4.64237765e+01
1.17696523e+00 4.63347027e+01
1.17793358e+00 4.62458642e+01
1.17890194e+00 4.61572613e+01
1.17987030e+00 4.60688948e+01
1.18083866e+00 4.59807652e+01
1.18180702e+00 4.58928729e+01
1.18277537e+00 4.58052176e+01
1.18374373e+00 4.57177986e+01
1.18471209e+00 4.56306143e+01
1.18568045e+00 4.55436629e+01
1.18664880e+00 4.54569420e+01
1.18761716e+00 4.53704496e+01
1.18858552e+00 4.52841836e+01
1.18955388e+00 4.51981427e+01
1.19052224e+00 4.51123262e+01
1.19149059e+00 4.50267337e+01
1.19245895e+00 4.49413657e+01
1.19342731e+00 4.48562227e+01
1.19439567e+00 4.47713053e+01
1.19536403e+00 4.46866141e+01
1.19633238e+00 4.46021487e+01
1.19730074e+00 4.45179086e+01
1.19826910e+00 4.44338925e+01
1.19923746e+00 4.43500985e+01
1.20020582e+00 4.42665245e+01
1.20117417e+00 4.41831686e+01
1.20214253e+00 4.41000287e+01
1.20311089e+00 4.40171035e+01
1.20407925e+00 4.39343920e+01
1.20504760e+00 4.38518942e+01
1.20601596e+00 4.37696101e+01
1.20698432e+00 4.36875404e+01
1.20795268e+00 4.36056858e+01
1.20892104e+00 4.35240466e+01
1.20988939e+00 4.34426228e+01
1.21085775e+00 4.33614139e+01
1.21182611e+00 4.32804187e+01
1.21279447e+00 4.31996356e+01
1.21376283e+00 4.31190626e+01
1.21473118e+00 4.30386977e+01
1.21569954e+00 4.29585390e+01
1.21666790e+00 4.28785852e+01
1.21763626e+00 4.27988353e+01
1.21860461e+00 4.27192890e+01
1.21957297e+00 4.26399465e+01
1.22054133e+00 4.25608084e+01
1.22150969e+00 4.24818752e+01
1.22247805e+00 4.24031474e+01
1.22344640e+00 4.23246251e+01
1.22441476e+00 4.22463079e+01
1.22538312e+00 4.21681947e+01
1.22635148e+00 4.20902841e+01
1.22731984e+00 4.20125742e+01
1.22828819e+00 4.19350630e+01
1.22925655e+00 4.18577489e+01
1.23022491e+00 4.17806303e+01
1.23119327e+00 4.17037063e+01
1.23216163e+00 4.16269765e+01
1.23312998e+00 4.15504411e+01
1.23409834e+00 4.14741006e+01
1.23506670e+00 4.13979555e+01
1.23603506e+00 4.13220064e+01
1.23700341e+00 4.12462534e+01
1.23797177e+00 4.11706962e+01
1.23894013e+00 4.10953338e+01
1.23990849e+00 4.10201650e+01
1.24087685e+00 4.09451881e+01
1.24184520e+00 4.08704011e+01
1.24281356e+00 4.07958024e+01
1.24378192e+00 4.07213904e+01
1.24475028e+00 4.06471643e+01
1.24571864e+00 4.05731236e+01
1.24668699e+00 4.04992683e+01
1.24765535e+00 4.04255990e+01
1.24862371e+00 4.03521161e+01
1.24959207e+00 4.02788203e+01
1.25056043e+00 4.02057116e+01
1.25152878e+00 4.01327900e+01
1.25249714e+00 4.00600547e+01
1.25346550e+00 3.99875043e+01
1.25443386e+00 3.99151374e+01
1.25540222e+00 3.98429522e+01
1.25637057e+00 3.97709469e+01
1.25733893e+00 3.96991202e+01
1.25830729e+00 3.96274710e+01
1.25927565e+00 3.95559989e+01
1.26024401e+00 3.94847039e+01
1.26121236e+00 3.94135863e+01
1.26218072e+00 3.93426467e+01
1.26314908e+00 3.92718858e+01
1.26411744e+00 3.92013036e+01
1.26508579e+00 3.91309001e+01
1.26605415e+00 3.90606747e+01
1.26702251e+00 3.89906263e+01
1.26799087e+00 3.89207534e+01
1.26895923e+00 3.88510543e+01
1.26992758e+00 3.87815274e+01
1.27089594e+00 3.87121712e+01
1.27186430e+00 3.86429848e+01
1.27283266e+00 3.85739676e+01
1.27380102e+00 3.85051195e+01
1.27476937e+00 3.84364410e+01
1.27573773e+00 3.83679325e+01
1.27670609e+00 3.82995945e+01
1.27767445e+00 3.82314275e+01
1.27864281e+00 3.81634313e+01
1.27961116e+00 3.80956055e+01
1.28057952e+00 3.80279490e+01
1.28154788e+00 3.79604604e+01
1.28251624e+00 3.78931383e+01
1.28348460e+00 3.78259810e+01
1.28445295e+00 3.77589872e+01
1.28542131e+00 3.76921557e+01
1.28638967e+00 3.76254860e+01
1.28735803e+00 3.75589780e+01
1.28832639e+00 3.74926321e+01
1.28929474e+00 3.74264486e+01
1.29026310e+00 3.73604281e+01
1.29123146e+00 3.72945711e+01
1.29219982e+00 3.72288775e+01
1.29316818e+00 3.71633469e+01
1.29413653e+00 3.70979784e+01
1.29510489e+00 3.70327708e+01
1.29607325e+00 3.69677227e+01
1.29704161e+00 3.69028323e+01
1.29800997e+00 3.68380985e+01
1.29897832e+00 3.67735202e+01
1.29994668e+00 3.67090966e+01
1.30091504e+00 3.66448278e+01
1.30188340e+00 3.65807138e+01
1.30285176e+00 3.65167552e+01
1.30382011e+00 3.64529526e+01
1.30478847e+00 3.63893062e+01
1.30575683e+00 3.63258162e+01
1.30672519e+00 3.62624824e+01
1.30769355e+00 3.61993038e+01
1.30866190e+00 3.61362794e+01
1.30963026e+00 3.60734078e+01
1.31059862e+00 3.60106874e+01
1.31156698e+00 3.59481171e+01
1.31253533e+00 3.58856956e+01
1.31350369e+00 3.58234223e+01
1.31447205e+00 3.57612971e+01
1.31544041e+00 3.56993201e+01
1.31640877e+00 3.56374917e+01
1.31737712e+00 3.55758125e+01
1.31834548e+00 3.55142829e+01
1.31931384e+00 3.54529030e+01
1.32028220e+00 3.53916727e+01
1.32125056e+00 3.53305912e+01
1.32221891e+00 3.52696575e+01
1.32318727e+00 3.52088702e+01
1.32415563e+00 3.51482281e+01
1.32512399e+00 3.50877297e+01
1.32609235e+00 3.50273739e+01
1.32706070e+00 3.49671602e+01
1.32802906e+00 3.49070883e+01
1.32899742e+00 3.48471582e+01
1.32996578e+00 3.47873704e+01
1.33093414e+00 3.47277253e+01
1.33190249e+00 3.46682235e+01
1.33287085e+00 3.46088651e+01
1.33383921e+00 3.45496500e+01
1.33480757e+00 3.44905775e+01
1.33577593e+00 3.44316468e+01
1.33674428e+00 3.43728566e+01
1.33771264e+00 3.43142056e+01
1.33868100e+00 3.42556925e+01
1.33964936e+00 3.41973162e+01
1.34061772e+00 3.41390760e+01
1.34158607e+00 3.40809715e+01
1.34255443e+00 3.40230030e+01
1.34352279e+00 3.39651707e+01
1.34449115e+00 3.39074751e+01
1.34545951e+00 3.38499166e+01
1.34642786e+00 3.37924956e+01
1.34739622e+00 3.37352119e+01
1.34836458e+00 3.36780650e+01
1.34933294e+00 3.36210542e+01
1.35030130e+00 3.35641781e+01
1.35126965e+00 3.35074357e+01
1.35223801e+00 3.34508255e+01
1.35320637e+00 3.33943466e+01
1.35417473e+00 3.33379982e+01
1.35514309e+00 3.32817799e+01
1.35611145e+00 3.32256918e+01
1.35707980e+00 3.31697342e+01
1.35804816e+00 3.31139076e+01
1.35901652e+00 3.30582123e+01
1.35998488e+00 3.30026488e+01
1.36095324e+00 3.29472169e+01
1.36192159e+00 3.28919163e+01
1.36288995e+00 3.28367462e+01
1.36385831e+00 3.27817056e+01
1.36482667e+00 3.27267932e+01
1.36579503e+00 3.26720078e+01
1.36676338e+00 3.26173483e+01
1.36773174e+00 3.25628140e+01
1.36870010e+00 3.25084045e+01
1.36966846e+00 3.24541198e+01
1.37063682e+00 3.23999601e+01
1.37160517e+00 3.23459258e+01
1.37257353e+00 3.22920176e+01
1.37354189e+00 3.22382355e+01
1.37451025e+00 3.21845798e+01
1.37547861e+00 3.21310500e+01
1.37644696e+00 3.20776455e+01
1.37741532e+00 3.20243653e+01
1.37838368e+00 3.19712082e+01
1.37935204e+00 3.19181731e+01
1.38032040e+00 3.18652589e+01
1.38128875e+00 3.18124648e+01
1.38225711e+00 3.17597904e+01
1.38322547e+00 3.17072357e+01
1.38419383e+00 3.16548008e+01
1.38516219e+00 3.16024861e+01
1.38613054e+00 3.15502922e+01
1.38709890e+00 3.14982194e+01
1.38806726e+00 3.14462677e+01
1.38903562e+00 3.13944368e+01
1.39000398e+00 3.13427263e+01
1.39097233e+00 3.12911352e+01
1.39194069e+00 3.12396623e+01
1.39290905e+00 3.11883066e+01
1.39387741e+00 3.11370670e+01
1.39484577e+00 3.10859428e+01
1.39581412e+00 3.10349333e+01
1.39678248e+00 3.09840387e+01
1.39775084e+00 3.09332589e+01
1.39871920e+00 3.08825945e+01
1.39968756e+00 3.08320458e+01
1.40065591e+00 3.07816132e+01
1.40162427e+00 3.07312968e+01
1.40259263e+00 3.06810965e+01
1.40356099e+00 3.06310117e+01
1.40452935e+00 3.05810416e+01
1.40549770e+00 3.05311852e+01
1.40646606e+00 3.04814414e+01
1.40743442e+00 3.04318091e+01
1.40840278e+00 3.03822875e+01
1.40937114e+00 3.03328762e+01
1.41033950e+00 3.02835750e+01
1.41130785e+00 3.02343840e+01
1.41227621e+00 3.01853035e+01
1.41324457e+00 3.01363341e+01
1.41421293e+00 3.00874761e+01
1.41518129e+00 3.00387296e+01
1.41614964e+00 2.99900945e+01
1.41711800e+00 2.99415704e+01
1.41808636e+00 2.98931566e+01
1.41905472e+00 2.98448519e+01
1.42002308e+00 2.97966555e+01
1.42099143e+00 2.97485663e+01
1.42195979e+00 2.97005834e+01
1.42292815e+00 2.96527064e+01
1.42389651e+00 2.96049351e+01
1.42486487e+00 2.95572695e+01
1.42583322e+00 2.95097100e+01
1.42680158e+00 2.94622570e+01
1.42776994e+00 2.94149108e+01
1.42873830e+00 2.93676718e+01
1.42970666e+00 2.93205397e+01
1.43067501e+00 2.92735143e+01
1.43164337e+00 2.92265948e+01
1.43261173e+00 2.91797803e+01
1.43358009e+00 2.91330699e+01
1.43454845e+00 2.90864625e+01
1.43551680e+00 2.90399573e+01
1.43648516e+00 2.89935538e+01
1.43745352e+00 2.89472517e+01
1.43842188e+00 2.89010512e+01
1.43939024e+00 2.88549524e+01
1.44035860e+00 2.88089558e+01
1.44132695e+00 2.87630618e+01
1.44229531e+00 2.87172706e+01
1.44326367e+00 2.86715821e+01
1.44423203e+00 2.86259962e+01
1.44520039e+00 2.85805121e+01
1.44616874e+00 2.85351290e+01
1.44713710e+00 2.84898459e+01
1.44810546e+00 2.84446619e+01
1.44907382e+00 2.83995762e+01
1.45004218e+00 2.83545882e+01
1.45101053e+00 2.83096977e+01
1.45197889e+00 2.82649045e+01
1.45294725e+00 2.82202091e+01
1.45391561e+00 2.81756117e+01
1.45488397e+00 2.81311129e+01
1.45585232e+00 2.80867127e+01
1.45682068e+00 2.80424113e+01
1.45778904e+00 2.79982084e+01
1.45875740e+00 2.79541035e+01
1.45972576e+00 2.79100957e+01
1.46069412e+00 2.78661841e+01
1.46166247e+00 2.78223679e+01
1.46263083e+00 2.77786462e+01
1.46359919e+00 2.77350184e+01
1.46456755e+00 2.76914842e+01
1.46553591e+00 2.76480436e+01
1.46650426e+00 2.76046969e+01
1.46747262e+00 2.75614443e+01
1.46844098e+00 2.75182862e+01
1.46940934e+00 2.74752230e+01
1.47037770e+00 2.74322547e+01
1.47134605e+00 2.73893811e+01
1.47231441e+00 2.73466017e+01
1.47328277e+00 2.73039159e+01
1.47425113e+00 2.72613226e+01
1.47521949e+00 2.72188211e+01
1.47618784e+00 2.71764105e+01
1.47715620e+00 2.71340903e+01
1.47812456e+00 2.70918600e+01
1.47909292e+00 2.70497197e+01
1.48006128e+00 2.70076695e+01
1.48102964e+00 2.69657097e+01
1.48199799e+00 2.69238407e+01
1.48296635e+00 2.68820629e+01
1.48393471e+00 2.68403764e+01
1.48490307e+00 2.67987809e+01
1.48587143e+00 2.67572761e+01
1.48683978e+00 2.67158613e+01
1.48780814e+00 2.66745357e+01
1.48877650e+00 2.66332984e+01
1.48974486e+00 2.65921486e+01
1.49071322e+00 2.65510857e+01
1.49168157e+00 2.65101094e+01
1.49264993e+00 2.64692195e+01
1.49361829e+00 2.64284162e+01
1.49458665e+00 2.63876998e+01
1.49555501e+00 2.63470707e+01
1.49652336e+00 2.63065293e+01
1.49749172e+00 2.62660755e+01
1.49846008e+00 2.62257094e+01
1.49942844e+00 2.61854306e+01
1.50039680e+00 2.61452385e+01
1.50136516e+00 2.61051323e+01
1.50233351e+00 2.60651111e+01
1.50330187e+00 2.60251742e+01
1.50427023e+00 2.59853210e+01
1.50523859e+00 2.59455510e+01
1.50620695e+00 2.59058642e+01
1.50717530e+00 2.58662606e+01
1.50814366e+00 2.58267406e+01
1.50911202e+00 2.57873046e+01
1.51008038e+00 2.57479527e+01
1.51104874e+00 2.57086853e+01
1.51201709e+00 2.56695022e+01
1.51298545e+00 2.56304031e+01
1.51395381e+00 2.55913876e+01
1.51492217e+00 2.55524548e+01
1.51589053e+00 2.55136041e+01
1.51685889e+00 2.54748345e+01
1.51782724e+00 2.54361454e+01
1.51879560e+00 2.53975366e+01
1.51976396e+00 2.53590077e+01
1.52073232e+00 2.53205590e+01
1.52170068e+00 2.52821906e+01
1.52266903e+00 2.52439029e+01
1.52363739e+00 2.52056962e+01
1.52460575e+00 2.51675708e+01
1.52557411e+00 2.51295266e+01
1.52654247e+00 2.50915633e+01
1.52751082e+00 2.50536805e+01
1.52847918e+00 2.50158775e+01
1.52944754e+00 2.49781536e+01
1.53041590e+00 2.49405079e+01
1.53138426e+00 2.49029398e+01
1.53235262e+00 2.48654490e+01
1.53332097e+00 2.48280352e+01
1.53428933e+00 2.47906984e+01
1.53525769e+00 2.47534390e+01
1.53622605e+00 2.47162572e+01
1.53719441e+00 2.46791534e+01
1.53816276e+00 2.46421278e+01
1.53913112e+00 2.46051804e+01
1.54009948e+00 2.45683111e+01
1.54106784e+00 2.45315193e+01
1.54203620e+00 2.44948044e+01
1.54300455e+00 2.44581658e+01
1.54397291e+00 2.44216027e+01
1.54494127e+00 2.43851144e+01
1.54590963e+00 2.43487005e+01
1.54687799e+00 2.43123608e+01
1.54784635e+00 2.42760953e+01
1.54881470e+00 2.42399043e+01
1.54978306e+00 2.42037879e+01
1.55075142e+00 2.41677467e+01
1.55171978e+00 2.41317807e+01
1.55268814e+00 2.40958901e+01
1.55365649e+00 2.40600747e+01
1.55462485e+00 2.40243341e+01
1.55559321e+00 2.39886678e+01
1.55656157e+00 2.39530750e+01
1.55752993e+00 2.39175550e+01
1.55849829e+00 2.38821072e+01
1.55946664e+00 2.38467311e+01
1.56043500e+00 2.38114265e+01
1.56140336e+00 2.37761934e+01
1.56237172e+00 2.37410320e+01
1.56334008e+00 2.37059425e+01
1.56430843e+00 2.36709253e+01
1.56527679e+00 2.36359806e+01
1.56624515e+00 2.36011086e+01
1.56721351e+00 2.35663091e+01
1.56818187e+00 2.35315817e+01
1.56915022e+00 2.34969260e+01
1.57011858e+00 2.34623412e+01
1.57108694e+00 2.34278268e+01
1.57205530e+00 2.33933820e+01
1.57302366e+00 2.33590063e+01
1.57399202e+00 2.33246996e+01
1.98137781e+00 1.34008523e+01
2.49440596e+00 7.63308977e+00
3.14027105e+00 4.31471426e+00
3.95336702e+00 2.42211050e+00
4.97699420e+00 1.35112636e+00
6.26566448e+00 7.49370047e-01
7.88800423e+00 4.13433118e-01
9.93040898e+00 2.26990596e-01
1.25016442e+01 1.24069857e-01
1.57386376e+01 6.75337368e-02
1.98137708e+01 3.66175825e-02
2.49440596e+01 1.97818768e-02
3.14027105e+01 1.06492972e-02
3.95336702e+01 5.71322240e-03
4.97699420e+01 3.05443225e-03
6.26566448e+01 1.62697849e-03
